Grenada	Saint Kitts and Nevis	Saint Lucia	Tonga	Sao Tome and Principe	Antigua and Barbuda	Bhutan	Macau	Saint Vincent and the Grenadines	Vanuatu	Comoros	Guinea-Bissau	Maldives	Brunei	Seychelles	Afghanistan	Bahamas, The	Congo, Democratic Republic of the	Haiti	Lesotho	Central African Republic	Djibouti	Mauritania	Suriname	Taiwan	Barbados	Burkina Faso	Cuba	Equatorial Guinea	Serbia	Turkmenistan	Bosnia and Herzegovina	Botswana	Cape Verde	Eritrea	Ethiopia	Madagascar	Swaziland	Yemen	Zimbabwe	Burundi	Chad	Hong Kong	Iceland	Kuwait	Luxembourg	Oman	Sierra Leone	Sudan	Togo	United Arab Emirates	Uzbekistan	Bahrain	Benin	Congo, Republic of the	Fiji	Gabon	Gambia, The	Lebanon	Libya	Rwanda	Uganda	Belize	Honduras	Jamaica	Laos	Liberia	Malawi	Malta	Mauritius	Namibia	Nepal	Singapore	Albania	Burma	Guyana	Kyrgyzstan	Mali	Nicaragua	Papua New Guinea	Saudi Arabia	Trinidad and Tobago	Cameroon	El Salvador	Guatemala	Iraq	Macedonia	Paraguay	Qatar	Armenia	Belarus	Brazil	Cambodia	Cote d'Ivoire	Cyprus	Dominican Republic	Ireland	Italy	Moldova	Mongolia	New Zealand	Portugal	Syria	Tajikistan	Tanzania	Venezuela	Austria	Finland	France	Ghana	Mozambique	Norway	Panama	Senegal	Sri Lanka	Tunisia	United Kingdom	Zambia	Algeria	Angola	Argentina	Chile	Denmark	Ecuador	Germany	Jordan	Kenya	Netherlands	Russia	Spain	Sweden	Uruguay	Azerbaijan	Belgium	Bolivia	China	Czech Republic	Hungary	Israel	Korea, South	Latvia	Morocco	Pakistan	Slovenia	Australia	Colombia	Costa Rica	Estonia	Georgia	Greece	Lithuania	Mexico	Nigeria	Romania	Slovakia	Switzerland	Turkey	United States	Vietnam	Bangladesh	Bulgaria	Canada	Croatia	Egypt	Indonesia	Iran	Kazakhstan	Malaysia	Philippines	South Africa	Thailand	Ukraine	India	Japan	Peru	Poland	
1440000000	875000000	2183000000	763000000	379000000	1495000000	4309000000	18470000000	1264000000	1186000000	837000000	1925000000	2800000000	21030000000	2302000000	29740000000	10600000000	25290000000	12370000000	3723000000	3636000000	2231000000	7115000000	6326000000	875900000000	6929000000	22100000000	114100000000	26100000000	78750000000	43340000000	31570000000	29850000000	2052000000	4037000000	94850000000	20640000000	6231000000	57970000000	6474000000	5184000000	19560000000	351500000000	12410000000	153500000000	41450000000	85000000000	6795000000	89160000000	6464000000	256500000000	95240000000	31300000000	14750000000	18070000000	4153000000	24770000000	3496000000	61440000000	38980000000	13620000000	47780000000	2786000000	35700000000	24560000000	17410000000	2432000000	13760000000	10830000000	19290000000	15930000000	38080000000	314900000000	25320000000	82680000000	5851000000	13130000000	17880000000	18880000000	16860000000	687700000000	26490000000	47300000000	44580000000	74840000000	138800000000	21590000000	40640000000	174900000000	17970000000	141800000000	2294000000000	33820000000	36070000000	23720000000	93380000000	187100000000	1847000000000	12000000000	13290000000	123700000000	248500000000	107600000000	16220000000	67900000000	374100000000	349900000000	194300000000	2214000000000	75660000000	24000000000	265500000000	50610000000	25150000000	116300000000	100000000000	2288000000000	21880000000	263300000000	116300000000	716500000000	299500000000	206000000000	127400000000	3114000000000	36940000000	71210000000	701400000000	2383000000000	1406000000000	384700000000	50910000000	93050000000	413700000000	50940000000	11300000000000	285000000000	195600000000	237000000000	1554000000000	34890000000	163500000000	488400000000	58300000000	915100000000	471900000000	55020000000	27310000000	24540000000	293900000000	61600000000	1667000000000	414000000000	267100000000	126900000000	353600000000	1075000000000	15080000000000	300000000000	283500000000	101000000000	1395000000000	79300000000	519000000000	1125000000000	990800000000	216800000000	463700000000	391100000000	555000000000	602200000000	329300000000	4421000000000	4444000000000	302000000000	771000000000	
0.54	0.81	0.38	0.19	2.00	1.28	1.18	0.87	-0.31	2.12	2.06	1.97	-0.13	1.69	0.92	2.22	0.90	2.58	0.89	0.33	2.14	2.29	2.32	1.22	0.29	0.35	3.07	-0.12	2.61	-0.46	1.14	-0.09	1.48	1.43	2.42	2.90	2.68	1.20	2.58	4.36	3.10	1.98	0.42	0.67	1.88	1.14	2.04	2.28	1.88	2.75	3.06	0.94	2.65	2.88	2.85	0.77	1.98	2.34	-0.38	2.01	2.75	3.30	2.01	1.84	0.71	1.66	2.61	2.76	0.36	0.71	0.82	1.77	1.99	0.28	1.07	-0.33	0.89	3.02	1.07	1.94	1.52	-0.09	2.08	0.30	1.95	2.35	0.24	1.26	4.93	0.11	-0.18	0.86	1.69	2.04	1.57	1.31	1.11	0.38	-1.01	1.47	0.86	0.18	-0.80	1.82	2.85	1.47	0.03	0.07	0.50	2.20	2.44	0.33	1.41	2.53	0.91	0.96	0.55	2.89	1.92	2.78	1.00	0.88	0.24	1.42	-0.20	-0.97	2.44	0.45	-0.01	0.65	0.17	0.24	1.02	0.06	1.66	0.48	-0.13	-0.18	1.54	0.20	-0.60	1.05	1.55	-0.19	1.13	1.13	1.29	-0.65	-0.33	0.06	-0.28	1.09	2.55	-0.26	0.10	0.92	1.20	0.90	1.05	1.58	-0.80	0.78	-0.09	1.92	1.03	1.25	1.24	1.54	1.87	-0.41	0.54	-0.63	1.31	-0.08	1.02	-0.08	
0.40	-2.00	1.30	1.50	4.90	-5.50	5.30	1.00	0.00	2.50	2.20	5.30	5.80	2.20	5.10	5.80	1.60	6.90	5.60	4.90	3.30	4.50	4.00	4.20	4.00	0.60	4.20	1.50	7.80	1.60	14.70	1.30	5.10	5.00	8.70	7.50	1.80	0.30	-10.50	9.40	4.20	1.80	5.00	3.10	8.20	1.60	5.40	6.00	-4.50	4.90	5.20	8.30	2.10	3.50	3.40	2.10	6.60	3.30	1.50	-59.70
	8.60	5.10	2.00	3.60	1.30	8.00	8.20	4.30	2.10	4.10	4.90	3.90	4.90	3.00	5.50	5.40	5.70	2.70	4.70	8.90	7.10	-1.50	4.20	1.40	3.90	8.90	3.10	4.30	14.10	4.60	5.30	2.70	7.10	-4.70	0.50	4.50	1.40	0.40	6.40	17.50	1.30	-1.70	-2.00	7.40	6.40	4.20	2.70	2.70	1.70	14.40	7.30	1.50	10.60	2.60	8.30	-1.80	0.80	6.60	2.40	3.90	8.90	5.90	0.80	7.80	3.10	2.60	4.40	1.10	4.30	0.40	4.00	5.70	0.10	1.80	5.20	9.20	1.70	1.70	4.60	3.60	5.50	4.90	3.00	0.60	2.10	5.90	4.20	7.60	7.00	-6.90	5.90	3.90	7.40	2.50	3.30	1.90	8.50	1.80	5.90	6.50	1.70	2.40	0.00	1.80	6.50	2.00	7.50	5.10	3.90	3.10	0.10	5.20	6.80	-0.80	6.90	4.30	
13800	15600	13100	7300	2300	17100	5800	33000	11500	4800	1200	1100	8600	49500	25400	1000	30400	300
	1200	1900	800	2600	2000	11800	37700	25000	1300	9900	19300	10400	7800	8100	16100	3900	700	1100	900	5300	2300	500	600	1900	49400	38100	41700	80600	27600	1100	2700	1000	47700	3300	27700	1600	4500	4600	16300	1900	15500	6000	1300	1400	8200	4400	8900	2800	600	900	25600	15000	7500	1200	59700	7800	1300	7600	2400	1100	3200	2500	24400	20000	2300	7500	5100	4200	10500	6200	98900	5400	15000	11800	2200	1600	27500	9300	40800	30500	3400	4800	28000	23400	5100	2100	1600	12600	41600	36000	35100	3100	1100	53400	14100	2000	5700	9400	36500	1600	7300	5900	17700	17400	37000	8500	38100	5900	1700	42000	16700	30500	40700	15100	10200	37800	4800	8400	27100	19600	31500	31200	16800	5100	2800	28800	40800	10200	11900	20400	5500	26300	19100	14700	2600	12500	23300	44500	14400	48300	3400	1900	13800	40500	18000	6500	4700	13200	13000	16200	4100	11000	9400	7200	3700	34700	10100	20200	
9.10	7.70	9.90	6.10	3.10	7.00	5.80	8.50	8.20	3.50	3.70	3.20	4.10	3.70	7.20	2.50	6.50	2.60	4.00	5.40	3.70	3.40	3.50	5.60	11.30	10.00	2.50	12.00	4.10	14.90	4.10	12.70	3.90	5.30	3.70	2.80	3.10	3.70	2.60	3.70	2.50	2.90	11.40	12.90	2.10	15.10	3.20	3.70	3.30	3.20	0.90	4.70	2.60	2.70	2.80	5.40	3.90	3.20	9.20	3.90	2.40	2.10	3.60	3.80	7.70	3.70	3.00	2.70	15.40	7.70	4.20	4.40	7.80	10.60	5.10	4.90	4.90	3.00	4.60	3.70	3.00	8.70	3.40	6.60	4.00	3.10	11.80	6.30	0.80
	9.90	13.90	7.10	3.80	3.10	10.70	6.70	11.90	13.80	10.60	4.00	13.60	16.10	3.80	3.30	2.90	5.60	13.90	15.90	17.50	4.00	3.00	16.40	7.40	2.90	8.10	7.60	16.90	2.40	5.00	2.90	11.10	9.40	17.40	6.60	13.20	4.90	2.70	16.60	13.00	15.30	15.40	13.80	6.30	15.80	4.70	9.10	13.40	14.90	10.30	11.90	13.70	6.20	4.20	13.40	14.40	6.30	6.60	15.30	15.50	14.20	13.70	6.70	3.00	14.80	13.10	15.20	6.40	13.50	5.50	4.80	14.00	15.60	14.80	4.70	6.40	5.10	6.70	5.10	4.30	5.90	9.50	13.80	5.60	13.50	6.50	14.00	
5.20	1.60	2.70	16.80	14.20	2.10	16.70	0.10	6.50	10.40	10.00	13.00	5.60	0.80	2.00	25.00	2.10	25.30	18.90	7.80	14.80	3.00	17.80	10.50	1.80	3.10	23.30	3.80	3.60	11.00	7.90	8.30	2.10	8.40	11.00	14.50	16.40	8.20	7.90	20.40	21.40	6.70	0.00
	5.40	0.20	0.40	1.50	22.00	23.90	21.60	0.80	21.90	0.40	6.40	4.20	11.50	4.30	17.40	4.60	3.30	13.90	24.40	9.70	12.80	6.30	27.80	5.40	16.60	1.90	4.50	7.60	15.00	0.00	19.40	18.70	20.50	20.10	21.90	17.40	29.30	2.00	0.30	19.90	10.50	13.00	9.70	11.10	18.60	0.10	19.00	9.50	5.50	24.10	21.00	2.30	6.00	2.00	2.00	16.20	15.80	4.90	2.60	16.90	19.90	24.20	3.80	1.50	2.90	1.80	25.60	24.20	2.80	4.10	15.40	12.10	10.60	0.70	20.90	8.90	9.60	10.70	3.50	1.30	6.50	0.80	4.50	15.00	2.70	4.50	3.20	1.80	9.40	5.50	0.70	10.00	10.00	1.80	4.10	2.50	2.60	4.50	16.50	21.60	2.60	4.00	7.00	6.30	3.60	8.80	3.60	3.30	3.80	26.00	7.90	3.80	1.30	9.10	1.20	22.00	18.30	5.60	1.80	5.10	14.50	14.70	10.30	5.20	11.90	12.80	2.40	13.30	10.50	17.20	1.20	7.80	3.60	
0.00	0.00	0.00	1.00	1.00	0.00	0.00	0.00	0.00	1.00	1.00	0.00	1.00	0.00	1.00	48.00	0.00	2.00	0.00	1.00	1.00	0.00	1.00	3.00	1.00	0.00	2.00	1.00	0.00	308.00	2.00	1.00	4.00	0.00	2.00	0.00	2.00	2.00	1.00	1.00	0.00	2.00	0.00	1.00	1.00	2.00	2.00	1.00	1.00	2.00	2.00	3.00	0.00	1.00	1.00	0.00	4.00	0.00	4.00	3.00	0.00	2.00	0.00	12.00	0.00	3.00	0.00	2.00	1.00	0.00	2.00	4.00	0.00	1.00	1.00	1.00	2.00	1.00	1.00	8.00	2.00	0.00	2.00	0.00	15.00	55.00	0.00	6.00	1.00	1.00	11.00	161.00	1.00	2.00	0.00	4.00	0.00	9.00	2.00	4.00	4.00	1.00	14.00	16.00	2.00	3.00	1.00	2.00	2.00	0.00	11.00	1.00	0.00
	1.00	4.00	2.00	3.00	4.00	1.00	6.00	6.00	17.00	0.00	29.00	4.00	1.00	6.00	1.00	62.00	2.00	0.00	7.00	1.00	1.00	73.00	45.00	17.00	1.00	0.00	1.00	1.00	15.00	31.00	0.00	1.00	27.00	19.00	0.00	4.00	4.00	1.00	15.00	11.00	698.00	1.00	3.00	1090.00	19.00	7.00	2.00	2.00	6.00	5.00	1.00	43.00	10.00	9.00	15.00	4.00	1.00	6.00	524.00	54.00	21.00	189.00	2.00	
0.83	0.80	0.82	0.86	0.84	0.76	1.04	0.88	0.84	1.02	0.90	0.64	0.94	0.95	0.61	0.87	0.62	0.72	0.80	0.95	0.66	0.79	0.74	0.77	0.90	0.65	0.62	0.82	0.75	0.69	0.77	0.69	0.67	0.60	0.79	0.75	0.79	0.69	0.90	0.70	0.67	0.72	0.88	0.85	0.96	0.71	1.03	0.78	1.00	0.77	1.05	0.74	0.91	0.67	0.69	0.85	0.73	0.90	0.86	0.96	0.67	0.68	0.90	0.79	0.81	0.82	0.98	0.74	0.79	0.67	0.78	0.87	0.82	0.89	0.77	0.69	0.63	0.91	0.83	1.04	1.05	0.76	0.84	0.80	0.87	0.87	0.75	0.87	1.02	0.59	0.46	0.74	0.60	0.96	0.77	0.86	0.84	0.74	0.60	0.77	0.85	0.69	0.85	0.73	0.75	0.79	0.73	0.71	0.74	0.82	0.85	0.78	0.86	0.85	0.75	0.96	0.80	0.74	0.86	0.86	0.70	0.71	0.80	0.92	0.76	0.95	0.79	0.80	0.43	0.74	0.81	0.66	0.62	0.72	0.79	0.92	0.67	0.59	0.78	0.69	0.48	0.82	0.89	0.66	0.85	0.72	0.86	0.49	0.66	0.78	0.53	0.81	0.85	0.68	0.60	0.73	0.84	0.77	0.62	0.90	0.68	0.79	0.66	0.82	0.78	0.89	0.52	0.89	0.76	0.67	0.82	0.49	0.90	0.76	0.90	0.62	
0.00	0.00	0.00	0.00	0.00	0.00	97.00	0.00	0.00	0.00	0.00	0.00	0.00	0.00	0.00	258.00	0.00	0.00	0.00	1400.00	335.00	-155.00	-5.00	-2.00	0.00	0.00	200.00	0.00	0.00	35.00	3139.00	0.00	513.00	0.00	-75.00	-125.00	0.00	21.00	0.00	162.00	772.00	160.00	0.00	0.00	0.00	133.00	0.00	0.00	0.00	0.00	0.00	-12.00	0.00	0.00	0.00	0.00	0.00	0.00	0.00	-47.00	950.00	621.00	0.00	0.00	0.00	70.00	0.00	37.00	0.00	0.00	0.00	70.00	0.00	0.00	0.00	0.00	132.00	23.00	0.00	0.00	0.00	0.00	0.00	0.00	0.00	0.00	50.00	46.00	0.00	400.00	90.00	0.00	0.00	0.00	0.00	-46.00	0.00	0.00	2.00	560.00	0.00	0.00	-200.00	300.00	0.00	0.00	115.00	0.00	-2.00	0.00	0.00	0.00	0.00	0.00	0.00	-17.00	-4.00	329.00	-40.00	0.00	-105.00	0.00	-7.00	0.00	-3.54	-408.00	0.00	-7.00	-28.00	0.00	-2.40	0.00	-28.00	0.00	90.00	-154.00	115.00	78.00	-408.00	0.00	0.00	-55.00	0.00	0.00	-15.00	0.00	0.00	0.00	0.00	0.00	0.00	-10.00	0.00	0.00	94.00	195.00	0.00	-86.00	0.00	0.00	0.00	0.00	0.00	-133.00	0.00	-28.00	-132.00	0.00	0.00	0.00	0.00	0.00	0.00	-4.00	0.00	-2.00	
22588.00	10742.00	32688.00	20577.00	27310.00	17676.00	144861.00	124189.00	22015.00	43331.00	134562.00	205460.00	85181.00	95141.00	19891.00	3797087.00	63429.00	10168258.00	1666324.00	270184.00	655875.00	114557.00	480042.00	109445.00	4951088.00	58016.00	2366168.00	2375590.00	113277.00	1356415.00	1066649.00	937327.00	302332.00	106864.00	896096.00	11868084.00	3390071.00	175477.00	4056944.00	1528166.00	1398769.00	1183242.00	1387213.00	61511.00	523206.00	96361.00	642427.00	731898.00	6475530.00	1104536.00	842759.00	6566118.00	245302.00	1385065.00	566587.00	183730.00	195389.00	315176.00	920825.00	1458934.00	1685066.00	4200901.00	57221.00	1525578.00	590673.00	1111629.00	524243.00	2043925.00	75684.00	280596.00	311513.00	5260878.00	1018839.00	622379.00	10451515.00	133239.00	1119224.00	1825779.00	1227757.00	1130951.00	5677819.00	261735.00	2718110.00	1079038.00	2590843.00	6421717.00	426251.00	1409859.00	140176.00	644372.00	1693626.00	38993989.00	2638167.00	3196033.00	239862.00	2090180.00	965900.00	11247446.00	875224.00	726199.00	828779.00	2018004.00	4884151.00	1490267.00	5860339.00	5614743.00	1554130.00	912983.00	11721827.00	4136406.00	2677473.00	865697.00	728329.00	1788493.00	4177432.00	2397716.00	11779679.00	1688670.00	8622897.00	1492308.00	8414460.00	3561099.00	1003921.00	2834213.00	14510527.00	1384500.00	6106870.00	3122889.00	20431035.00	9116928.00	1650432.00	649025.00	1773993.00	1877268.00	1762260.00	300323611.00	1988839.00	1897378.00	1446132.00	10168709.00	401691.00	7026016.00	37381549.00	380077.00	4239985.00	9150400.00	1037053.00	210854.00	893003.00	2016552.00	669111.00	23239866.00	19867683.00	4507880.00	1139380.00	1459450.00	17340816.00	59401941.00	20405847.00	30486086.00	1320955.00	6389669.00	770710.00	17244838.00	53274361.00	19417275.00	2909999.00	6175274.00	20142940.00	6476264.00	13308372.00	6893551.00	240039958.00	21540322.00	5788629.00	7766361.00	
995.00	380.00	1502.00	1134.00	2003.00	799.00	7095.00	3674.00	953.00	2230.00	8809.00	17639.00	3595.00	3465.00	650.00	370295.00	2750.00	871880.00	115246.00	19110.00	53999.00	8360.00	36116.00	4106.00	155306.00	1842.00	191662.00	69108.00	7126.00	41080.00	52988.00	24879.00	23063.00	6026.00	66731.00	967411.00	246769.00	15763.00	277612.00	152550.00	116956.00	128244.00	36554.00	2200.00	16232.00	3084.00	30264.00	54212.00	512476.00	73515.00	24419.00	295456.00	8117.00	104526.00	49641.00	8039.00	17614.00	20508.00	35121.00	57070.00	110328.00	420236.00	3584.00	92087.00	32702.00	71400.00	36585.00	183028.00	2385.00	10104.00	26038.00	367103.00	25368.00	29533.00	506388.00	8460.00	54056.00	158031.00	67522.00	65820.00	244763.00	7503.00	211636.00	68971.00	168151.00	322010.00	14920.00	71801.00	5162.00	21417.00	48760.00	1672477.00	151143.00	242958.00	7398.00	96302.00	27197.00	281671.00	26614.00	29648.00	28825.00	54786.00	244712.00	74038.00	512294.00	273353.00	45752.00	31416.00	377839.00	260992.00	274602.00	30777.00	30879.00	145064.00	162587.00	87346.00	365491.00	158592.00	330098.00	152054.00	323170.00	135709.00	35865.00	147143.00	384930.00	69420.00	416927.00	98383.00	660359.00	205278.00	52275.00	26811.00	71024.00	57142.00	104945.00	9131990.00	47501.00	55533.00	59418.00	321225.00	9858.00	298366.00	2104906.00	9395.00	135800.00	413974.00	40444.00	6309.00	27242.00	49485.00	19527.00	1067007.00	1687719.00	111607.00	30219.00	42585.00	670328.00	2055685.00	787341.00	1606963.00	32075.00	206195.00	27015.00	748647.00	2191267.00	677372.00	119541.00	254812.00	1021069.00	482122.00	509780.00	234916.00	10745891.00	591253.00	298447.00	211172.00	
1.00	1.00	1.00	1.00	1.00	1.00	1.00	1.00	1.00	1.00	1.00	1.00	1.00	1.00	1.00	2.00	2.00	1.00	1.00	1.00	1.00	1.00	5.00	1.00	2.00	1.00	1.00	4.00	2.00	2.00	1.00	1.00	1.00	1.00	2.00	2.00	1.00	1.00	1.00	2.00	1.00	1.00	1.00	1.00	1.00	1.00	1.00	1.00	1.00	2.00	2.00	4.00	1.00	1.00	1.00	1.00	1.00	1.00	1.00	1.00	1.00	1.00	1.00	3.00	2.00	3.00	1.00	1.00	1.00	1.00	1.00	1.00	2.00	1.00	1.00	1.00	1.00	1.00	2.00	1.00	2.00	1.00	1.00	1.00
	3.00	5.00	2.00	3.00	1.00	2.00	1.00	7.00	1.00	1.00	1.00	1.00	1.00	9.00	1.00	1.00	1.00	5.00	3.00	2.00	2.00	6.00	1.00	3.00	14.00	1.00	1.00	1.00	1.00	1.00	1.00	2.00	7.00	1.00	1.00	4.00	4.00	5.00	2.00	3.00	14.00	1.00	1.00	1.00	54.00	12.00	3.00	1.00	3.00	1.00	4.00	26.00	2.00	1.00	2.00	4.00	1.00	4.00	10.00	1.00	11.00	2.00	2.00	1.00	1.00	6.00	1.00	12.00	3.00	1.00	2.00	2.00	4.00	189.00	6.00	2.00	2.00	19.00	2.00	6.00	4.00	7.00	5.00	6.00	4.00	6.00	5.00	6.00	14.00	6.00	4.00	5.00	
177400000	120900000	308000000	37200000	38130000	107000000	184000000	3660000000	122700000	39990000	48360000	65100000	542000000	3054000000	241800000	231100000	1907000000	6036000000	309000000	236000000	148800000	260400000	508700000	1440000000	220800000000	945000000	683500000	14200000000	85560000	35500000000	13000000000	10800000000	2850000000	238600000	224900000	3357000000	1032000000	1207000000	4646000000	12470000000	273400000	93000000	43140000000	16480000000	42580000000	6453000000	13250000000	53940000	3787000000	671900000	70580000000	40100000000	10480000000	653000000	534000000	865800000	1600000000	204600000	9793000000	22890000000	236800000	1958000000	200400000	6540000000	6400000000	2230000000	311600000	1559000000	1991000000	2234000000	3928000000	4833000000	41200000000	6593000000	4630000000	688000000	7474000000	455700000	2646000000	2757000000	174500000000	7246000000	4883000000	5756000000	8161000000	55660000000	9024000000	8500000000	18790000000	5800000000	31070000000	455700000000	1559000000	3584000000	4556000000	12870000000	26100000000	309900000000	4463000000	3375000000	39020000000	48270000000	28990000000	16700000000	3431000000	85850000000	65670000000	83090000000	460900000000	6060000000	10180000000	115600000000	5805000000	1763000000	9268000000	12490000000	344700000000	7614000000	30500000000	3365000000	104700000000	56350000000	32070000000	14920000000	544500000000	11300000000	5738000000	112500000000	857600000000	267500000000	132100000000	7960000000	18800000000	84780000000	6301000000	4693000000000	59260000000	42570000000	47160000000	455100000000	6215000000	21470000000	74350000000	14700000000	225400000000	38820000000	8321000000	7431000000	9256000000	59530000000	10300000000	181500000000	18140000000	51460000000	28760000000	57500000000	161000000000	3741000000000	101000000000	23940000000	28300000000	549500000000	18870000000	109100000000	126100000000	206700000000	88110000000	93800000000	54400000000	212200000000	131600000000	134600000000	600600000000	859700000000	34250000000	132200000000	
3	2	2	6	2	3	2	1	6	31	4	8	6	1	14	52	61	201	14	24	40	13	28	47	40	1	24	136	7	30	26	25	76	9	13	58	82	15	57	202	7	58	2	99	7	2	130	8	72	8	42	53	4	5	25	28	45	1	7	144	7	46	43	104	27	42	29	31	1	5	112	47	9	5	74	98	28	21	143	562	216	5	34	65	291	104	14	800	6	11	65	4105	16	27	15	36	39	130	10	44	122	65	99	24	106	492	52	148	473	10	100	98	118	20	18	29	462	88	142	176	1149	476	89	431	541	18	194	27	1218	152	230	94	37	43	865	497	128	41	47	114	42	56	151	16	467	862	153	18	22	82	81	1724	53	53	37	64	98	15079	44	18	202	1453	69	84	676	324	97	117	247	567	103	412	352	175	191	125	
16.81	13.90	14.42	24.70	37.02	16.19	18.75	9.05	14.36	27.00	31.49	34.72	15.12	17.74	15.10	39.30	15.95	37.05	23.87	26.65	36.13	24.91	32.78	17.44	8.70	12.23	43.20	9.96	34.88	9.17	19.55	8.90	22.02	21.21	32.10	38.50	34.00	26.16	32.57	32.19	40.58	38.70	7.54	13.23	20.96	11.70	24.33	38.12	31.70	35.26	15.76	17.33	14.41	37.55	40.09	20.70	35.00	33.41	14.92	17.50	36.14	45.80	26.02	24.66	18.89	25.68	36.45	40.42	10.31	13.78	21.11	21.85	7.72	12.38	19.11	16.69	23.90	46.60	19.12	25.92	19.19	14.25	32.49	17.44	26.48	28.19	11.80	17.22	10.23	12.90	11.10	15.20	25.17	30.40	11.44	19.44	15.81	9.06	12.50	20.70	13.57	9.76	23.52	25.93	37.70	19.88	8.69	10.36	12.70	32.00	39.34	10.80	19.17	36.19	17.04	17.28	12.27	43.10	24.40	39.36	17.34	14.30	10.22	19.60	8.33	26.52	31.93	10.89	12.30	10.40	10.24	13.40	17.30	10.03	24.24	12.31	8.62	9.49	18.97	8.42	9.97	18.97	24.30	8.76	12.28	17.23	16.40	10.43	10.75	9.08	9.34	18.87	39.23	9.49	10.38	10.40	17.58	13.70	16.83	22.53	9.20	10.28	9.57	24.22	17.70	18.52	20.44	20.74	24.98	19.32	12.81	9.59	20.60	8.39	19.13	9.96	
121.00	135.00	158.00	419.00	209.00	153.00	0.00	41.00	84.00	2528.00	340.00	350.00	644.00	161.00	491.00	0.00	3542.00	37.00	1771.00	0.00	0.00	314.00	754.00	386.00	1566.30	97.00	0.00	3735.00	296.00	0.00	0.00	20.00	0.00	965.00	2234.00	0.00	4828.00	0.00	1906.00	0.00	0.00	0.00	733.00	4970.00	499.00	0.00	2092.00	402.00	853.00	56.00	1318.00	0.00	161.00	121.00	169.00	1129.00	885.00	80.00	225.00	1770.00	0.00	0.00	386.00	163.00	1022.00	0.00	579.00	0.00	196.80	177.00	1572.00	0.00	193.00	362.00	1930.00	459.00	0.00	0.00	910.00	5152.00	2640.00	362.00	402.00	307.00	400.00	58.00	0.00	0.00	563.00	0.00	0.00	7491.00	443.00	515.00	648.00	1288.00	1448.00	7600.00	0.00	0.00	15134.00	1793.00	193.00	0.00	1424.00	2800.00	0.00	1250.00	3427.00	539.00	2470.00	25148.00	2490.00	531.00	1340.00	1148.00	12429.00	0.00	998.00	1600.00	4989.00	6435.00	7314.00	2237.00	2389.00	26.00	536.00	451.00	37653.00	4964.00	3218.00	660.00	0.00
	66.50	0.00	14500.00	0.00	0.00	273.00	2413.00	498.00	1835.00	1046.00	46.60	25760.00	3208.00	1290.00	3794.00	310.00	13676.00	90.00	9330.00	853.00	225.00	0.00	0.00	7200.00	19924.00	3444.00	580.00	354.00	202080.00	5835.00	2450.00	54716.00	2440.00	0.00	4675.00	36289.00	2798.00	3219.00	2782.00	7000.00	29751.00	2414.00	440.00	
7.98	7.08	7.10	4.88	7.93	5.72	6.99	3.85	7.02	4.30	8.19	15.01	3.76	3.39	6.90	14.59	6.91	10.80	8.10	15.18	14.71	8.08	8.66	6.17	6.70	8.39	12.47	7.52	8.81	13.81	6.21	9.40	12.00	6.28	7.92	9.30	7.30	14.21	6.82	12.38	9.36	15.16	7.23	7.02	2.13	8.50	3.42	11.49	8.30	7.78	2.04	5.29	2.63	8.79	11.25	5.93	13.07	7.50	6.63	4.90	9.64	11.60	5.91	5.05	6.59	7.99	10.36	12.84	8.72	6.73	13.09	6.75	3.41	6.25	8.10	7.18	6.90	13.90	5.04	6.56	3.32	8.35	11.66	5.63	4.92	4.73	8.95	4.59	1.55	8.49	13.90	6.50	7.97	9.96	6.48	4.41	6.38	9.93	12.62	6.01	7.20	10.86	3.67	6.49	8.60	5.20	10.23	10.33	8.90	7.70	12.79	9.22	4.69	9.05	5.96	5.87	9.33	13.40	4.30	12.06	7.36	5.80	10.19	5.01	11.04	2.74	7.26	8.39	14.10	8.88	10.21	9.55	7.13	10.63	6.76	7.17	10.94	12.70	5.50	6.38	13.60	4.76	6.80	11.00	6.94	5.29	4.38	13.60	10.05	10.80	11.40	4.90	13.48	11.84	9.64	8.10	6.10	8.40	5.95	5.71	14.32	8.09	11.99	4.80	6.30	5.94	8.52	4.95	4.98	17.23	7.38	15.76	7.43	9.15	5.95	10.24	
36360000	58600000	198600000	10800000	11700000	43450000	665300000	1045000000	64400000	67400000	25200000	244600000	163000000	10670000000	495100000	2625000000	834900000	10660000000	767500000	1003000000	186300000	96800000	2799000000	2467000000	307000000000	476700000	2438000000	6041000000	15630000000	11780000000	14780000000	6030000000	6458000000	211000000	415400000	2957000000	1394000000	2040000000	8662000000	2932000000	90800000	4974000000	438000000000	5344000000	104300000000	19220000000	47090000000	426900000	9694000000	928700000	281600000000	12590000000	19910000000	1593000000	12380000000	901500000	10860000000	104200000	5386000000	15160000000	372600000	2519000000	603300000	7204000000	1665000000	2131000000	422100000	945100000	3635000000	2645000000	4393000000	998900000	414800000000	1954000000	8196000000	1180000000	2331000000	2453000000	3941000000	6791000000	364700000000	13020000000	5544000000	5402000000	10550000000	79680000000	4429000000	10270000000	114300000000	1518000000	41410000000	256000000000	6018000000	11400000000	1957000000	8536000000	118100000000	524900000000	2277000000	4818000000	38350000000	59220000000	10290000000	1739000000	4843000000	92600000000	173600000000	78830000000	589700000000	12790000000	2776000000	163800000000	16930000000	2416000000	10540000000	17610000000	479200000000	8672000000	72880000000	65800000000	84320000000	81640000000	111800000000	23080000000	1547000000000	7963000000	5787000000	550200000000	520300000000	309600000000	189100000000	9341000000	34490000000	332300000000	8332000000	1904000000000	138500000000	107100000000	64190000000	552800000000	12030000000	21510000000	26300000000	29590000000	271100000000	56220000000	10380000000	16780000000	3223000000	28160000000	28060000000	349400000000	92470000000	62680000000	78500000000	322000000000	143400000000	1497000000000	96910000000	24560000000	28120000000	463100000000	13640000000	27910000000	201500000000	109500000000	88470000000	227500000000	47230000000	102900000000	219100000000	69420000000	307200000000	787000000000	46270000000	193900000000	
1127	383	1210	680	320	1165	8050	413	829	1070	880	3455	88	2971	508	42150	2717	153497	4160	7091	24307	3065	11066	4304	41475	1600	92495	60858	2880	41913	58592	22926	25798	1350	4010	36469	65663	3594	71300	97267	12322	40000	2067	12869	5749	5227	53430	11300	11900	7520	4080	86496	4122	16000	17289	3440	9170	3742	6970	100024	14008	70746	3007	14239	22121	39568	10600	15451	3096	2066	64189	17282	3356	18000	27000	7970	34000	18912	19137	9349	221372	8320	51000	10886	14095	44900	13736	29500	7790	7705	86392	1751868	38093	80000	14671	19705	96036	487700	9343	49249	93911	82900	68157	27767	91049	96155	124508	78141	951200	62221	30331	93509	11978	14008	91907	19232	394428	91440	113655	51429	231374	80505	73197	43670	644480	7891	160886	136827	982000	681298	572900	77732	52942	153595	16138	3860800	127797	197519	18290	103029	73074	58256	260760	38925	823217	141374	38049	58034	20329	116711	82131	366095	193200	82386	43761	71454	352046	6506204	180549	21269	40231	1042300	29343	65050	437759	172927	93612	98721	213151	362099	180053	169496	3320410	1210251	137327	423997	
296300000	315700000	545900000	121100000	114400000	427000000	1185000000	6312000000	348000000	310200000	206600000	327600000	967000000	2610000000	877100000	9152000000	2966000000	8721000000	2985000000	2306000000	319800000	413800000	2854000000	1679000000	279200000000	1606000000	2347000000	13960000000	7320000000	19450000000	9604000000	11060000000	6275000000	1060000000	899900000	9694000000	3765000000	2108000000	8248000000	4370000000	536600000	4054000000	494100000000	4506000000	21960000000	26540000000	21350000000	1571000000	8205000000	1455000000	202100000000	8530000000	12110000000	2188000000	4917000000	1762000000	3194000000	328400000	19300000000	10070000000	1368000000	5002000000	773900000	10340000000	5859000000	2336000000	755100000	1722000000	4856000000	4926000000	5345000000	5665000000	366300000000	5076000000	5982000000	1746000000	3959000000	3026000000	5996000000	4070000000	120000000000	9552000000	6108000000	9801000000	15370000000	47800000000	6759000000	12060000000	26930000000	3614000000	45130000000	226200000000	8213000000	7911000000	8000000000	17420000000	67180000000	549600000000	5147000000	5810000000	35610000000	77620000000	17600000000	3540000000	9635000000	46440000000	183300000000	80340000000	692000000000	15970000000	4187000000	88590000000	22950000000	5398000000	20270000000	22950000000	639000000000	6454000000	44940000000	19750000000	70760000000	70920000000	102200000000	23240000000	1333000000000	16270000000	13830000000	492100000000	322300000000	364900000000	176100000000	10410000000	10170000000	342300000000	7126000000	1660000000000	133200000000	101500000000	72030000000	521600000000	14830000000	40960000000	38930000000	31050000000	242200000000	50730000000	15530000000	17090000000	6639000000	66040000000	30170000000	350800000000	61630000000	73120000000	75100000000	317500000000	232900000000	2236000000000	97360000000	32580000000	30860000000	460700000000	22520000000	55070000000	166100000000	74410000000	41210000000	178600000000	62680000000	100400000000	202100000000	85670000000	475300000000	807600000000	36970000000	208100000000	
11.12	9.43	12.39	13.21	51.83	14.17	42.17	3.17	13.86	17.90	68.97	94.40	26.46	11.15	11.35	121.63	13.09	76.63	52.44	53.44	97.17	53.31	58.93	28.94	4.60	11.63	79.84	4.83	75.18	6.40	40.89	6.10	10.49	26.02	40.34	60.90	47.40	59.57	53.50	28.23	60.32	93.61	2.90	3.18	7.87	4.39	14.95	76.64	55.60	49.87	11.59	21.20	10.20	60.03	74.22	10.73	49.00	69.58	15.32	12.70	62.51	64.20	21.37	19.85	14.30	57.77	72.71	79.02	3.65	11.20	45.61	43.13	2.65	14.12	47.74	35.59	30.80	108.70	21.86	42.05	15.61	26.73	59.70	19.66	25.16	40.25	8.32	22.24	6.81	18.21	3.70	20.50	54.08	63.20	9.05	21.30	3.81	3.36	13.65	36.00	4.72	4.60	15.12	37.33	46.50	20.18	4.26	3.40	3.40	40.90	76.85	3.50	11.32	55.16	9.47	24.98	4.56	70.60	23.40	83.53	10.52	7.40	4.19	19.06	3.51	15.83	43.61	3.73	7.30	3.37	2.74	9.44	28.76	4.28	40.94	15.62	3.70	5.24	4.07	4.08	8.24	26.49	61.27	4.12	4.55	15.92	9.20	6.94	14.68	4.92	6.18	16.77	74.36	10.73	6.47	3.90	23.07	6.00	20.24	48.99	16.13	4.85	6.06	24.23	27.00	41.11	23.06	14.57	18.75	42.67	15.90	8.38	46.07	2.21	21.50	6.42	
3.00	9.80	2.80	6.60	14.30	3.30	8.90	5.80	1.90	0.90	1.80	5.00	6.00	2.00	2.60	13.80	3.20	15.50	8.40	5.00	0.10	4.40	7.50	17.70	1.40	9.40	2.80	4.70	7.00	11.20	12.00	3.70	8.50	4.50	20.00	33.00	9.50	6.10	19.50	5.40	9.70	2.00	5.30	4.00	4.70	3.40	4.10	16.20	18.00	3.60	0.90	12.80	-0.40	2.70	1.90	8.50	1.30	4.80	5.10	15.90	4.90	18.70	-2.50	6.80	7.50	7.60	7.40	7.60	2.70	6.50	5.00	9.60	5.20	3.50	5.00	2.60	16.60	2.90	8.10	8.40	5.00	5.10	2.90	5.10	6.20	5.60	3.90	8.30	1.90	7.70	53.30
	6.60	5.50	5.10	3.30	8.50	2.60	2.90	7.60	9.50	4.00	3.70	4.80	12.40	12.70	26.10	3.50	3.30	2.30	8.70	10.40	1.30	5.90	3.40	7.00	3.50	4.50	8.70	4.50	13.50	22.00	3.30	2.80	4.50	2.50	4.40	14.00	2.30	8.40	3.10	3.00	8.10	8.10	3.50	9.90	5.50	1.90	3.90	3.50	4.00	4.40	0.90	11.90	1.80	3.40	3.40	4.90	5.00	8.50	3.30	4.10	3.40	10.80	5.80	3.90	0.20	6.50	3.10	18.70	10.70	4.20	2.90	2.30	10.20	5.40	20.60	8.30	3.20	4.70	5.00	3.80	8.00	8.90	-0.30	3.40	4.20	
47580	18170	79700	39960	52490	30000	299900	330900	57520	115900	268500	632700	110000	198800	39560	15000000	184000	34790000	4810000	854600	1926000	351700	1318000	165600	11200000	145000	6668000	5175000	195200	3210000	2300000	2600000	1269000	196100	1935000	37900000	9504000	457900	6956000	3856000	4245000	4293000	3703000	180000	2227000	207500	968800	2207000	11920000	2595000	4111000	16110000	666000	3662000	1514000	335000	742100	777100	1481000	1252000	4446000	16020000	120500	3370000	1318000	3690000	1372000	5747000	180200	607400	803700	18000000	3237000	1071000	32530000	313100	2344000	3241000	2885000	3896000	7630000	613600	8078000	2581000	5571000	8900000	940100	3084000	1241000	1194000	5000000	104700000	8800000	8764000	414100	4703000	2114000	25080000	1233000	1147000	2370000	5543000	5642000	2100000	24060000	13320000	3668000	2682000	29500000	11440000	9973000	2629000	1486000	5687000	8134000	3949000	31720000	5720000	11040000	8240000	16880000	8099000	2851000	4682000	43670000	1771000	18390000	7809000	75330000	23100000	5018000	1677000	6119000	5168000	4643000	795500000	5410000	4261000	3492000	25100000	1147000	11540000	58640000	934700	12050000	22450000	2155000	695900	1945000	4948000	1620000	49170000	52500000	9252000	2713000	4899000	26690000	153600000	48230000	75420000	2465000	18700000	1717000	26500000	117400000	26370000	8777000	12560000	40000000	17660000	38900000	22060000	487600000	65910000	15900000	17850000	
0.00	0.00	0.00	0.00	0.00	0.00	470.00	0.34	0.00	0.00	0.00	338.00	0.00	381.00	0.00	76.00	0.00	217.00	360.00	909.00	175.00	58.00	463.00	510.00	0.00	0.00	126.00	29.00	189.00	62.00	379.00	249.00	813.00	0.00	109.00	349.00	0.00	105.00	288.00	225.00	233.00	87.00	30.00	0.00	222.00	73.00	288.00	306.00	175.00	126.00	410.00	137.00	0.00	266.00	201.00	0.00	298.00	740.00	79.00	354.00	169.00	169.00	250.00	256.00	0.00	235.00	306.00	475.00	0.00	0.00	233.00	1236.00	0.00	112.00	193.00	600.00	858.00	419.00	309.00	820.00	60.00	0.00	189.00	203.00	203.00	181.00	62.00	750.00	60.00	35.00	171.00	593.00	541.00	532.00	150.40	360.00	360.00	3.20	450.00	3543.00	0.00	1214.00	76.00	414.00	217.00	743.00	35.00	614.00	4.40	549.00	105.00	196.00	225.00	330.00	0.00	459.00	360.00	233.00	42.00	201.00	580.00	171.00	68.00	590.00	68.00	97.00	232.00	450.00	17.50	1.20	614.00	580.00	9.00	148.00	750.00	0.34	197.00	102.00	51.00	238.00	171.00	6.30	523.00	102.00	0.00	225.00	309.00	290.00	164.00	206.00	91.00	250.00	87.00	169.00	90.00	41.00	9.00	3141.00	1228.00	193.00	148.00	8893.00	25.00	11.00	228.00	35.00	379.00	381.00	0.00	225.00	506.00	90.00	605.00	0.00	171.00	91.00	
73.30	74.84	77.04	75.38	63.49	75.69	67.88	84.43	74.39	65.06	62.74	49.11	74.69	76.37	73.77	49.72	71.44	55.74	62.51	51.86	50.48	61.57	61.53	71.12	78.48	74.52	54.07	77.87	62.75	74.56	68.84	78.96	55.74	71.00	62.86	56.56	64.00	49.42	64.11	51.82	59.24	48.69
	82.12	81.00	77.28	79.75	74.47	56.55	62.57	63.17	76.71	72.77	78.29	60.26	55.27	71.59	52.29	63.82	75.23	77.83	58.44	53.45	68.28	70.71	73.43	62.77	57.41	52.31	79.85	74.71	52.17	66.51	83.75	77.59	65.24	67.39	69.45	53.06	72.18	66.46	74.35	71.67	54.71	73.69	71.17	70.85	75.36	76.40	78.09	73.49	71.48	72.79	63.04	57.25	78.00	77.44	80.32	81.86	69.51	68.63	80.71	78.70	74.92	66.38	53.14	74.08	79.91	79.41	81.46	61.45	52.02	80.32	77.96	60.18	75.94	75.24	80.17	52.57	74.73	54.59	77.14	78.10	78.78	75.94	80.19	80.18	63.07	80.91	66.46	81.27	81.18	76.41	71.32	79.65	67.90	74.84	77.38	75.02	81.07	79.30	72.93	76.11	66.35	77.48	81.90	74.79	77.89	73.58	77.32	80.05	75.55	76.66	52.05	74.22	76.03	81.17	72.77	78.49	72.41	70.06	73.84	81.48	75.99	72.93	71.62	70.35	69.63	74.04	71.94	49.41	73.83	68.74	67.14	83.91	72.73	76.25	
96.00	97.80	90.10	98.90	84.90	85.80	47.00	91.30	96.00	74.00	74.90	54.20	93.80	92.70	91.80	28.10	95.60	66.80	52.90	89.60	56.00	67.90	58.00	89.60	96.10	99.70	21.80
	99.80	93.90	97.90	98.80	97.90	84.50	84.30	67.80	42.70	64.50	81.60	63.90	90.70	67.20	34.50	93.50	99.00	93.30	100.00	81.40	35.10	61.10	60.90	77.90	99.30	94.60	42.40	83.80	93.70	88.40	50.00	87.40	89.20	71.10	66.80	76.90	80.00	87.90	73.00	60.80	74.80	92.80	88.50	88.80	60.30	92.50	98.70	89.90	91.80	98.70	31.10	67.50	57.30	86.60	98.60	75.90	81.10	69.10	78.20	97.30	94.00	96.30	99.60	99.60	88.60	73.60	56.20	97.60	87.00	99.00	98.40	98.50	97.40	99.00	95.20	79.60	99.70	69.40	93.00	98.00	100.00	99.00	67.30	56.10	100.00	91.90	39.30	91.20	74.30	99.00	80.60	69.90	70.10	97.20	95.70	99.00	91.00	99.00	92.60	87.40	99.00	99.60	97.70	99.00	98.00	99.80	99.00	86.70	92.20	99.00	99.00	97.10	97.90	99.80	56.10	54.90	99.70	99.00	90.40	94.90	99.80	99.70	96.00	99.70	86.10	61.30	97.70	99.60	99.00	87.40	99.00	94.00	56.80	98.40	99.00	98.80	72.00	90.40	77.00	99.50	88.70	92.60	86.40	92.60	99.70	61.00	99.00	92.90	99.50	
-3.45	1.24	-3.54	-17.90	-9.14	2.29	0.00	3.46	-10.47	0.00	-2.68	0.00	-12.64	2.55	1.02	-2.51	0.00	-0.47	-6.90	-8.15	0.00	6.02	-0.89	0.96	0.03	-0.30	0.00	-3.59	0.00	0.00	-1.90	0.00	4.75	-0.66	0.00	-0.01	0.00	0.00	0.00	23.77	-0.18	-3.74	3.90	0.53	0.00	8.15	-0.47	-3.86	-4.52	0.00	16.82	-2.65	14.74	0.00	-0.35	-7.11	-2.16	-2.46	-12.08	0.00	1.00	-0.02	0.00	-1.22	-5.17	-1.14	0.00	0.00	2.00	0.00	0.15	2.58	15.62	-3.33	-0.30	-12.78	-8.10	-5.08	-3.40	0.00	-0.64	-6.76	0.00	-8.78	-2.08	0.00	-0.48	-0.08	40.62	-3.35	0.38	-0.09	-0.33	0.00	10.75	-1.98	1.69	4.67	-10.02	0.00	2.26	2.90	-27.82	-1.21	-0.29	0.00	1.79	0.62	1.10	-0.56	-2.13	1.69	-0.38	-1.82	-1.95	-1.78	2.59	-0.76	-0.27	0.55	0.00	0.35	2.36	-0.39	0.71	-33.42	-0.23	2.02	0.29	5.02	1.65	-1.45	0.00	1.22	-0.84	-0.33	0.97	1.37	1.94	0.00	-2.34	-3.67	-2.00	0.39	5.93	-0.66	0.86	-3.33	-3.96	2.32	-0.73	-3.11	-0.22	-0.26	0.29	1.27	0.50	3.62	-0.34	-1.04	-2.84	5.65	1.51	-0.20	-1.08	-0.11	0.43	-0.37	-1.27	-6.22	0.00	-0.08	-0.05	0.00	-3.03	-0.47	
109011	50726	162178	106146	183176	89018	716896	578025	103537	256155	737284	1628603	394451	408786	90024	30419928	316182	73599190	9801664	1930493	5057208	774389	3359185	560157	23234936	287733	17275115	11075244	685991	7276604	5054828	3879296	2098018	523568	6086495	91195675	22005222	1386914	24771809	12619600	10557259	10975648	7153519	313183	2646314	509074	3090150	5485998	34206710	6961049	5314317	28394180	1248348	9598787	4366266	890057	1608321	1840454	4140289	5613380	11689696	33640833	327719	8296693	2889187	6586266	3887886	16323044	409836	1313095	2165828	29890686	5353494	3002859	54584650	741908	5496737	15494466	5727707	6310129	26534504	1226383	20129878	6090646	14099032	31129225	2082370	6541591	1951591	2970495	9643566	199321413	14952665	21952093	1138071	10088598	4722028	61261254	3656843	3179997	4327944	10781459	22530746	7768385	46912768	28047938	8219743	5262930	65630692	24652402	23515934	4707270	3510045	12969606	21481334	10732900	63047162	13817479	37367226	18056072	42192494	17067369	5543453	15223680	81305856	6508887	43013341	16730632	142517670	47042984	9103788	3316328	9493600	10438353	10290003	1343239923	10177300	9958453	7590758	48860500	2191580	32309239	190291129	1996617	22015576	45239079	4636348	1274709	4570934	10767827	3525761	114975406	170123740	21848504	5483088	7925517	79749461	313847465	91519289	161083804	7037935	34300083	4480043	83688164	248645008	78868711	17522010	29179952	103775002	48810427	67091089	44854065	1205073612	127368088	29549517	38415284	
2.15	1.79	1.80	3.55	4.94	2.05	2.13	0.92	1.89	3.57	4.09	4.44	1.79	1.85	1.90	5.64	1.98	5.09	2.98	2.89	4.57	2.63	4.22	2.08	1.10	1.68	6.07	1.45	4.83	1.40	2.14	1.24	2.46	2.44	4.37	5.39	4.45	3.03	4.45	3.61	6.08	4.93	1.09	1.89	2.60	1.77	2.87	4.90	4.17	4.64	2.38	1.86	1.86	5.22	5.59	2.58	4.56	4.10	1.76	2.12	4.81	6.14	3.15	3.01	2.12	3.06	5.02	5.35	1.53	1.78	2.41	2.41	0.78
	1.48	2.23	2.27	2.73	6.35	2.08	3.39	2.26	1.72	4.09	2.04	3.18	3.58	1.59	2.06	1.93	1.38	1.45	1.82	2.78	3.82	1.45	2.41	2.01	1.40	1.55	2.19	2.07	1.51	2.85	2.85	5.08	2.40	1.41	1.73	2.08	4.15	5.40	1.77	2.43	4.69	2.17	2.02	1.91	5.85	2.78	5.54	2.29	1.87	1.74	2.38	1.41	3.36	3.98	1.78	1.61	1.48	1.67	1.87	1.92	1.65	2.93	1.55	1.27	1.41	2.67	1.23	1.33	2.19	3.07	1.31	1.77	2.12	1.92	1.44	1.46	1.39	1.27	2.27	5.38	1.30	1.38	1.53	2.13	2.06	1.89	2.55	1.43	1.59	1.44	2.94	2.23	1.87	2.41	2.64	3.15	2.28	1.66	1.29	2.58	1.39	2.29	1.31	
344	261	616	747	964	443	38394	28	389	12189	2235	36125	298	5765	455	652230	13880	2344858	27750	30355	622984	23200	1030700	163820	35980	430	274200	110860	28051	77474	488100	51197	581730	4033	117600	1104300	587041	17364	527968	390757	27830	1284000	1104	103000	17818	2586	309500	71740	1861484	56785	83600	447400	760	112622	342000	18274	267667	11295	10400	1759540	26338	241038	22966	112090	10991	236800	111369	118484	316	2040	824292	147181	697	28748	676578	214969	199951	1240192	130370	462840	2149690	5128	475440	21041	108889	438317	25713	406752	11586	29743	207600	8514877	181035	322463	9251	48670	70273	301340	33851	1564116	267710	92090	185180	143100	947300	912050	83871	338145	643801	238533	799380	323802	75420	196722	65610	163610	243610	752618	2381741	1246700	2780400	756102	43094	283561	357022	89342	580367	41543	17098242	505370	450295	176215	86600	30528	1098581	9596961	78867	93028	20770	99720	64589	446550	796095	20273	7741220	1138910	51100	45228	69700	131957	65300	1964375	923768	238391	49035	41277	783562	9826675	331210	143998	110879	9984670	56594	1001450	1904569	1648195	2724900	329847	300000	1219090	513120	603550	3287263	377915	1285216	312685	
28400	20600	35900	30000	8000	35500	27500	165500	22700	5000	23600	5000	24100	79800	27900	13500	133000	42000	50000	35600	2300	18400	72300	85500	16907000	140700	141500	1193000	13500	3030000	547000	955900	149600	74500	58000	829000	138100	52900	1075000	356000	32600	31200	4348000	189500	566300	279100	287600	14000	483600	240000	1825000	1928000	276500	152700	10000	129800	30000	49100	900000	1000000	38900	464800	28800	609200	272100	107600	3100	173500	229300	374600	140000	845500	2017000	338800	521100	152600	480000	104700	287600	130000	4633000	292000	669000	950000	1626000	1794000	413500	364600	306700	577500	4208000	43026000	530000	268200	405000	1044000	2047000	21060000	1180000	187600	1880000	4525000	4345000	380000	161100	7332000	3388000	1250000	35300000	284700	88100	2104000	542500	346400	3608000	1218000	33230000	85700	3059000	303200	10140000	3366000	2515000	2211000	51800000	465400	283500	7135000	44181000	19667000	4600000	964900	1684000	4631000	879800	285115000	2202000	2933000	3500000	29468000	516300	3566000	5722000	872800	10540000	7127000	1491000	470500	1342000	5685000	723000	19684000	719400	4700000	1056000	4684000	15211000	150000000	10175000	1600000	2311000	16438000	1761000	8714000	38618000	27767000	4237000	4243000	6782000	4127000	6720000	12681000	32685000	64585000	3257000	6921000	
121900	84600	216500	55000	115000	162800	484200	1353000	131800	285300	216400	401900	530400	443200	126600	17558000	298800	15673000	4200000	1051000	1124000	193000	3283000	947000	28862000	347900	7682000	1315000	426000	10182000	3511000	3171000	2900000	396400	241900	14127000	8160000	766500	11668000	9200000	1980000	3666000	14931000	344100	4400000	765000	4809000	2137000	25107000	3105000	11727000	25442000	1694000	7765000	3885000	727000	1800000	1581000	3350000	10000000	4446000	16697000	203000	8062000	2975000	5481000	2030000	3856000	521700	1294000	2439000	13355000	7755000	3100000	1244000	518800	5653000	10822000	4822000	2400000	53706000	1825000	10475000	7837000	20716000	25519000	2257000	6529000	2302000	3211000	10695000	242232000	10000000	17416000	1090000	8771000	4906000	92300000	3715000	2942000	4820000	12285000	13117000	6324000	25666000	28782000	13023000	8390000	65631000	21166000	7855000	5750000	7281000	9353000	18319000	12388000	81612000	8165000	35406000	9491000	55000000	22400000	7047000	15333000	108700000	7483000	29981000	19835000	236700000	53067000	11194000	4757000	10120000	12541000	8353000	986253000	12810000	11690000	9200000	52507000	2309000	36554000	111000000	2168000	24490000	46200000	4358000	1863000	4430000	12128000	5004000	94565000	95167000	23400000	5983000	10017000	65322000	313848000	127318000	85000000	10475000	25858000	5115000	83425000	236800000	56043000	23103000	36661000	87256000	64000000	78668000	55567000	893862000	129868000	32461000	49200000	
25000	17000	142900	8400	26700	65000	50000	270200	76000	17000	24300	37100	86400	314900	32000	1000000	115800	290000	1000000	76800	22600	25900	75000	163000	16147000	188000	178100	1606000	14400	4107000	80400	1422000	120000	150000	200000	447300	319900	90100	2349000	1423000	157800	168100	4873000	301600	1100000	424500	1465000	14900	4200000	356300	3449000	4689000	419500	200100	245200	114200	98800	130100	1000000	353900	450000	3200000	36000	731700	1581000	300000	20000	716400	240600	290000	127500	577800	3235000	1300000	110000	189600	2195000	249800	199800	125000	9774000	593000	749600	746000	2279000	325900	1057000	1105000	563800	208200	2643000	75982000	78500	967300	433900	2701000	3042000	29235000	1333000	330000	3400000	5168000	4469000	700000	678000	8918000	6143000	4393000	45262000	1297000	613600	4431000	959800	1818000	1777000	3500000	51444000	816200	4700000	606700	13694000	7009000	4750000	3352000	65125000	1642000	3996000	14872000	40853000	28119000	8398000	1405000	2420000	8113000	1103000	389000000	6681000	6176000	4525000	39400000	1504000	13213000	20431000	1298000	15810000	22538000	1485000	971700	1300000	4971000	1964000	31020000	43989000	7787000	4063000	6152000	27233000	245000000	23382000	617300	3395000	26960000	2234000	20136000	20000000	8214000	5299000	15355000	8278000	4420000	17483000	7770000	61338000	99182000	9158000	22452000	
0	0	0	0	0	0	0	0	0	0	0	0	0	159400	0	0	0	21000	0	0	0	0	11640	14460	26680	739	0	53690	322700	22730	216000	59	0	0	0	0	0	0	258800	0	0	126200	0	0	2450000	0	867900	25	514300	0	2813000	87000	46430	0	302200	0	227900	0	0	1789000	0	0	4252	0	506	0	0	0	0	0	0	0	10910	10930	21120	0	946	0	377	30570	10520000	144900	65330	15640	13070	2642000	116	0	1437000	0	31010	2301000	0	44880	0	392	431	151800	0	0	60480	4721	401000	220	0	2375000	29590	8718	84820	8880	0	2134000	0	65	637	83720	1393000	190	2078000	1988000	763600	10640	234100	500000	147200	88	136	59490	10270000	29970	4833	28000	1041000	11220	44660	4073000	10310	34480	4029	48400	0	3938	64950	5	549200	800100	263	7642	984	7946	5732	2983000	2458000	107100	8281	3488	55110	9688000	305000	5724	2925	3483000	13780	662600	1030000	4252000	1608000	716000	33110	192100	406800	82000	954000	131800	152700	28230	
3000	2000	3000	1000	1000	5000	1000	17000	2000	1000	1000	3000	6000	17000	8000	4800	35000	13000	12000	2000	2000	12000	20000	15000	1002000	9000	9000	176000	2000	50280	125000	28500	15000	2000	6000	47000	22000	4000	157000	11000	3000	2000	303800	17430	354000	60500	142000	9000	98000	23000	545000	104000	47000	25000	11000	15000	18000	2000	106000	289000	6000	14000	7000	51000	63000	3000	4500	8000	19000	23000	24000	20000	1080000	33000	37000	10000	16000	6000	30000	33000	2643000	41000	30000	57280	71000	694000	19000	31000	166000	52000	163000	2029000	32000	25000	61000	119000	143100	1528000	20000	17000	149700	277400	292000	40000	38000	746000	277900	217400	1861000	60000	17000	221300	97000	41000	92000	84000	1622000	16000	312000	74000	618000	302700	140900	166300	2495000	98000	78000	1009000	2199000	1441000	351100	45200	104000	622600	44430	9400000	195700	146600	238000	2195000	29880	209000	410000	63000	960800	296000	47000	31000	13000	371300	67000	2073000	279000	196000	83810	242700	646300	19150000	321500	98000	91000	2209000	68510	740000	1292000	1845000	218000	556000	310000	553000	988000	296000	3182000	4452000	189000	564500	
1913	1699	2692	1202	889	4548	1549	15400	1252	761	967	2565	6088	138	6203	4512	70990	13100	13480	1690	2418	11230	17750	5668	876300	8684	8560	109500	1729	27330	0	38890	15590	2336	3864	33480	16390	4464	64610	13140	2450	1837	375000	15530	0	51930	27970	4945	11820	15900	235300	9013	213000	33410	2832	18850	4822	2807	78760	575	5105	13770	7326	53630	90520	1918	4552	7124	18420	20750	19890	13740	2052000	22880	19700	10480	15940	4507	30290	14770	83150	95240	46490	45060	78550	231200	21530	23810	4108	46680	471400	255800	33200	85190	57290	107300	166000	1800000	14730	15730	138000	294600	55280	39400	30040	0
	282200	318100	2220000	68830	14540	118200	77910	36290	84730	78460	1450000	17570	18180	38280	19380	305100	177700	102500	2671000	111700	80160	2577000	42750	1584000	546500	47260	1439	1007000	17330	5080000	208800	171600	282200	2500000	33730	221000	346400	60270	731400	6045	44110	28520	18500	496600	183100	496000	187700	163000	139200	272700	581000	10270000	227000	77340	201400	1088000	67660	177200	767400	297100	94430	355300	338400	521400	807100	301900	3060000	4394000	88080	531300	
0	0	0	0	0	0	0	0	0	0	0	0	0	153000	0	0	41610	11090	0	0	0	19	10000	3058	303000	0	0	6882	395000	11000	97430	96	0	0	0	0	0	0	207700	0
	0	115000	18750	1209	2127000	686	592300	500	383900	0	2395000	2078	239900	10840	211800	1857	213500	42	0	1580000	0	0	0	5114	0	0	23	0	0	0	0	0	1374000	1004	0	0	2042	0	742	8029	7635000	242600	101300	2315	15300	2170000	8594	0	1038000	0	310500	801200	0	70800	0	0	21590	529100	741	5834	47200	49650	263000	405	0	1871000	46020	133600	487200	5752	0	2184000	0	4550	0	91200	1311000	360	1694000	1851000	238100	52390	249600	333400	470200	0	8061	1871000	5010000	240700	243200	1395	651700	353000	5621	506500	25480	0	86010	1100000	5160	25090	29840	8958	312600	400700	2087	0	1008	181600	76510	1511000	2102000	74080	78940	9851	68450	1920000	210500	2770	75840	1929000	36080	163000	404100	2523000	1390000	644900	60460	54930	269100	114000	825600	366800	73280	50400	
29.00	32.60	31.60	21.60	17.60	30.60	25.30	36.70	30.70	25.40	18.90	19.60	26.50	28.70	32.90	17.90	30.50	17.60	21.60	23.10	19.30	22.10	19.60	27.60	38.10	36.90	17.00	38.90	19.20	41.50	25.80	41.20	22.50	23.10	18.90	16.80	18.30	20.50	18.30	18.90	17.00	16.90	43.90	35.90	28.60	39.50	24.40	19.10	18.70	19.40	30.20	26.20	31.10	17.60	17.10	27.20	18.60	19.70	30.40	24.80	18.80	15.10
	21.30	21.30	24.40	21.40	18.20	17.30	40.30	33.10	22.10	22.10	33.50	30.90	27.20	24.20	25.20	16.40	23.40	22.00	25.70	33.50	19.60	24.70	20.40	21.10	36.20	25.90	32.20	32.60	39.30	29.60	23.30	19.80	35.10	26.50	35.10	43.80	35.20	26.60	37.20	40.40	22.30	22.90	18.70	26.30	43.40	42.70	40.40	21.70	16.80	40.30	27.80	18.20	31.10	30.50	40.20	16.50	28.10	17.70	30.70	32.80	41.20	26.00	45.30	22.40	18.80	41.50	38.80	40.90	42.20	33.80	29.50	42.60	22.80	35.90	41.10	40.50	29.50	39.00	40.90	27.30	21.90	42.80	37.90	28.30	29.20	40.80	39.30	42.80	40.50	27.40	17.90	39.10	38.00	42.00	28.80	37.10	28.20	23.60	42.00	41.20	41.70	24.60	28.50	27.40	29.30	27.10	23.10	25.30	34.70	40.10	26.50	45.40	26.50	38.80	
0	0	0	0	0	0	0	0	0	0	0	0	0	11500000000	0	30000000	0	0	0	0	0	0	0	0	310000000	0	0	1160000000	6270000000	517000000	42400000000	0	0	0	0	0	0	0	520000000	0	0	0	0	0	11490000000	0	24760000000	0	0	0	48840000000	59100000000	12580000000	0	530000000	0	80000000	0	0	15900000000	0	0	0	0	0	0	0	0	0	0	0	0	0	30000000	11540000000	0	15400000	0	0	130000000	83940000000	42380000000	20000000	0	0	1300000000	0
	0	116700000000	0	150000000	24070000000	0	1600000000	0	0	383000000	8400000000	60000	0	4481000000	0	6190000000	38000000	658000000	22900000000	1716000000	0	721000000	0	3600000000	106300000000	0	50000000	0	3600000000	56300000000	0	85140000000	690000000	40100000000	1350000000	8087000000	331000000	12650000000	250000000	0	85170000000	588900000000	48000000	0	0	16520000000	0	14730000000	102500000000	128300000	2494000000	1550000000	539300000	0	60000000	42900000000	0	45110000000	10490000000	0	0	10000000	1000000	0	59070000000	23210000000	10590000000	103000000	0	674000000	611000000000	8500000000	19750000000	54000000	152300000000	2507000000	62690000000	82800000000	138500000000	20200000000	66500000000	3150000000	1900000000	30880000000	20260000000	52800000000	3397000000	31120000000	6084000000	
0	0	0	0	0	0	0	154700000	0	0	0	0	0	2690000000	0	30000000	0	0	0	0	0	0	0	0	12100000000	0	0	1160000000	1550000000	2510000000	22600000000	390000000	0	0	0	0	0	0	100000000	0	0	0	3460000000	0	12380000000	1366000000	14720000000	0	0	0	59080000000	45500000000	12580000000	0	530000000	0	80000000	0	0	6010000000	0	0	0	0	0	0	0	0	0	0	0	0	8400000000	30000000	3250000000	0	665400000	0	0	130000000	83940000000	21970000000	20000000	0	0	1300000000	136800000	0	21890000000	2077000000	17750000000	25130000000	0	1600000000	0	560000000	5667000000	77800000000	3176000000	0	4481000000	5161000000	7100000000	227000000	658000000	25080000000	9116000000	4782000000	49780000000	0	100000000	6600000000	0	50000000	0	4850000000	94280000000	0	29860000000	690000000	43460000000	2840000000	4914000000	331000000	99500000000	3100000000	0	53190000000	414100000000	35820000000	1626000000	45700000	10590000000	19530000000	3010000000	129000000000	8075000000	12130000000	3250000000	43000000000	620100000	560000000	42900000000	890000000	26410000000	8690000000	0	701000000	1710000000	3824000000	3120000000	62420000000	7216000000	12880000000	5900000000	3625000000	38120000000	683300000000	9500000000	20100000000	2620000000	82480000000	2974000000	44370000000	40470000000	137500000000	10200000000	35700000000	3150000000	5400000000	39170000000	44160000000	64950000000	100300000000	3650000000	17200000000	
0	0	0	0	0	0	0	0	0	0	0	0	0	8810000000	0	0	0	0	0	0	0	0	0	0	0	0	0	0	4720000000	0	18000000000	0	0	0	0	0	0	0	420000000	0
	0	0	0	0	0	0	11540000000	0	0	0	7010000000	15200000000	0	0	0	0	0	0	0	9890000000	0	0	0	0	0	0	0	0	0	0	0	0	0	0	8290000000	0	0	0	0	0	0	20410000000	0	0	0	0	0	0	94810000000	0	0	0	0	0	0	0	0	139000000	0	0	0	0	0	0	0	0	5439000000	0	2945000000	0	3500000000	99750000000	0	0	0	0	15650000000	0	55280000000	0	880000000	0	3478000000	0	16190000000	0	0	57750000000	199900000000	1152000000	0	0	5930000000	0	11720000000	3210000000	167300000	227000000	0	0	0	0	0	0	24700000000	1800000000	0	0	0	0	0	200000000	15990000000	0	808000000	0	649000000	32200000000	0	0	0	92400000000	439000000	18320000000	42330000000	7870000000	8100000000	30790000000	0	0	0	2800000000	0	0	3590000000	47000000	
80	54	100	5367	1678	11532	14590	327	305	5655	14	90	3296	49457	247	223	20661	2515	555	11030	20	215	22	188	6272000	1524	1795	3244	7	1102000	714	155252	1806	38	701	179	38392	2744	33206	30615	229	6	870041	369969	2771	250900	14531	282	99	1168	337804	56075	47727	491	45	21739	127	656	64926	17926	1447	32683	3392	30955	3906	1532	7	1099	14754	51139	78280	41256	1960000	15528	1055	24936	115573	437	296068	5006	145941	241690	10207	24070	357552	26	62826	280658	897	194142	295217	26577000	13784	9115	252013	404500	1387000	25662000	711564	20084	3026000	3748000	416	6258	26074	1016000	3512000	4763000	17266000	59086	89737	3588000	11022	237	9552	576	8107000	16571	676	20703	11232000	2152000	4297000	170538	20043000	69473	71018	13699000	14865000	4228000	5978000	1036000	46856	5192000	180988	20602000	4148000	3145000	2483000	315697	359604	277338	365813	415581	17081000	4410000	147258	865494	357864	3201000	1205000	16233000	1234	2667000	1384000	5301000	7093000	505000000	189553	71164	976277	8743000	729420	200430	1344000	197804	67464	422470	425812	4761000	3399000	2173000	6746000	64453000	234102	13265000	
-217200000	-133800000	-220400000	-29800000	-77600000	-120100000	-354900000	6238000000	-221600000	-126900000	-60400000	-95900000	-463000000	3977000000	-211100000	-736000000	-1091000000	-831000000	-1728000000	-521500000	-191400000	33000000	-549400000	251100000	41600000000	-358500000	-125800000	-159700000	-945000000	-4122000000	1005000000	-1583000000	271000000	-287800000	-127800000	-1965000000	-2526000000	-280900000	-1663000000	-621500000	-253400000	-2386000000	12910000000	-953000000	70780000000	4185000000	10670000000	-1153000000	208100000	-302700000	30650000000	3360000000	3247000000	-699900000	1850000000	-428800000	3514000000	-119100000	-4163000000	4002000000	-692200000	-1631000000	-31300000	-1503000000	-1723000000	90200000	-754300000	-758500000	-268800000	-1164000000	-108200000	49000000	50160000000	-1695000000	96100000	-307200000	-252400000	-1301000000	-1259000000	-48500000	158500000000	2260000000	-1365000000	-1223000000	-1523000000	21680000000	-273500000	-549900000	51980000000	-1120000000	-5775000000	-52480000000	-1158000000	-257300000	-2546000000	-4521000000	2484000000	-71870000000	-806600000	-2760000000	-6709000000	-15440000000	-7726000000	-303900000	-3872000000	27210000000	8000000000	-1860000000	-54440000000	-3675000000	-1615000000	70000000000	-3892000000	-1685000000	-4638000000	-3331000000	-46040000000	215000000	19700000000	15920000000	-6000000	-3387000000	22080000000	-221000000	204300000000	-2871000000	-3536000000	70920000000	100300000000	-52280000000	38290000000	-875900000	17150000000	-3709000000	537200000	201700000000	-6348000000	2055000000	1873000000	26510000000	-363000000	-8337000000	268000000	2505000	-29500000000	-9978000000	-2200000000	477000000	-1799000000	-29360000000	-670000000	-11070000000	8686000000	-8107000000	52860000	74060000000	-77240000000	-465900000000
	236000000	243600000	502200000	-48910000000	-449000000	-6521000000	2069000000	26190000000	14110000000	32030000000	7078000000	-13680000000	5322000000	-10250000000	-46910000000	119100000000	-2267000000	-22250000000	
805900000	703600000	1210000000	432000000	244000000	1100000000	1492000000	22100000000	677000000	747800000	604200000	953500000	1886000000	16100000000	1001000000	18020000000	7663000000	15460000000	7270000000	2449000000	2160000000	1219000000	4131000000	4479000000	459000000000	4244000000	10030000000	57490000000	19270000000	42620000000	27610000000	17820000000	17390000000	1873000000	2567000000	31210000000	9743000000	3913000000	33220000000	9307000000	2318000000	9195000000	239800000000	13820000000	158400000000	58630000000	71520000000	2868000000	62970000000	3641000000	336500000000	44630000000	25450000000	7183000000	14210000000	3735000000	15710000000	961400000	38410000000	35130000000	6231000000	17150000000	1423000000	17090000000	14260000000	8169000000	1520000000	5517000000	8798000000	11090000000	12330000000	18670000000	255700000000	12760000000	50620000000	2536000000	5825000000	10440000000	7180000000	12450000000	587500000000	22220000000	25240000000	22400000000	46150000000	112400000000	10470000000	23690000000	170700000000	10090000000	54250000000	2453000000000	12680000000	23710000000	24320000000	54860000000	217700000000	2164000000000	6891000000	8570000000	156300000000	234000000000	64700000000	6419000000	23470000000	311400000000	411700000000	259300000000	2734000000000	37780000000	12370000000	477600000000	30080000000	14230000000	58210000000	45250000000	2392000000000	18900000000	194700000000	102600000000	437500000000	244500000000	326700000000	65410000000	3550000000000	28420000000	33510000000	824700000000	1821000000000	1456000000000	536000000000	45960000000	63780000000	506400000000	23670000000	7181000000000	211700000000	138100000000	239800000000	1098000000000	27800000000	97690000000	206900000000	49520000000	1463000000000	322400000000	40290000000	21850000000	14120000000	294500000000	42030000000	1135000000000	240100000000	186700000000	94550000000	650200000000	761900000000	14830000000000	120800000000	112000000000	52690000000	1711000000000	61430000000	231900000000	832900000000	474700000000	183200000000	283300000000	221200000000	402100000000	340100000000	162600000000	1798000000000	5773000000000	174400000000	506300000000	
