Grenada	1440000000	0.54	0.40	13800	9.10	5.20	0.00	0.83	0.00	22588.00	995.00	1.00	177400000	3	16.81	121.00	7.98	36360000	1127	296300000	11.12	3.00	47580	0.00	73.30	96.00	-3.45	109011	2.15	344	28400	121900	25000	0	3000	1913	0	29.00	0	0	0	80	-217200000	805900000	
Saint Kitts and Nevis	875000000	0.81	-2.00	15600	7.70	1.60	0.00	0.80	0.00	10742.00	380.00	1.00	120900000	2	13.90	135.00	7.08	58600000	383	315700000	9.43	9.80	18170	0.00	74.84	97.80	1.24	50726	1.79	261	20600	84600	17000	0	2000	1699	0	32.60	0	0	0	54	-133800000	703600000	
Saint Lucia	2183000000	0.38	1.30	13100	9.90	2.70	0.00	0.82	0.00	32688.00	1502.00	1.00	308000000	2	14.42	158.00	7.10	198600000	1210	545900000	12.39	2.80	79700	0.00	77.04	90.10	-3.54	162178	1.80	616	35900	216500	142900	0	3000	2692	0	31.60	0	0	0	100	-220400000	1210000000	
Tonga	763000000	0.19	1.50	7300	6.10	16.80	1.00	0.86	0.00	20577.00	1134.00	1.00	37200000	6	24.70	419.00	4.88	10800000	680	121100000	13.21	6.60	39960	0.00	75.38	98.90	-17.90	106146	3.55	747	30000	55000	8400	0	1000	1202	0	21.60	0	0	0	5367	-29800000	432000000	
Sao Tome and Principe	379000000	2.00	4.90	2300	3.10	14.20	1.00	0.84	0.00	27310.00	2003.00	1.00	38130000	2	37.02	209.00	7.93	11700000	320	114400000	51.83	14.30	52490	0.00	63.49	84.90	-9.14	183176	4.94	964	8000	115000	26700	0	1000	889	0	17.60	0	0	0	1678	-77600000	244000000	
Antigua and Barbuda	1495000000	1.28	-5.50	17100	7.00	2.10	0.00	0.76	0.00	17676.00	799.00	1.00	107000000	3	16.19	153.00	5.72	43450000	1165	427000000	14.17	3.30	30000	0.00	75.69	85.80	2.29	89018	2.05	443	35500	162800	65000	0	5000	4548	0	30.60	0	0	0	11532	-120100000	1100000000	
Bhutan	4309000000	1.18	5.30	5800	5.80	16.70	0.00	1.04	97.00	144861.00	7095.00	1.00	184000000	2	18.75	0.00	6.99	665300000	8050	1185000000	42.17	8.90	299900	470.00	67.88	47.00	0.00	716896	2.13	38394	27500	484200	50000	0	1000	1549	0	25.30	0	0	0	14590	-354900000	1492000000	
Macau	18470000000	0.87	1.00	33000	8.50	0.10	0.00	0.88	0.00	124189.00	3674.00	1.00	3660000000	1	9.05	41.00	3.85	1045000000	413	6312000000	3.17	5.80	330900	0.34	84.43	91.30	3.46	578025	0.92	28	165500	1353000	270200	0	17000	15400	0	36.70	0	154700000	0	327	6238000000	22100000000	
Saint Vincent and the Grenadines	1264000000	-0.31	0.00	11500	8.20	6.50	0.00	0.84	0.00	22015.00	953.00	1.00	122700000	6	14.36	84.00	7.02	64400000	829	348000000	13.86	1.90	57520	0.00	74.39	96.00	-10.47	103537	1.89	389	22700	131800	76000	0	2000	1252	0	30.70	0	0	0	305	-221600000	677000000	
Vanuatu	1186000000	2.12	2.50	4800	3.50	10.40	1.00	1.02	0.00	43331.00	2230.00	1.00	39990000	31	27.00	2528.00	4.30	67400000	1070	310200000	17.90	0.90	115900	0.00	65.06	74.00	0.00	256155	3.57	12189	5000	285300	17000	0	1000	761	0	25.40	0	0	0	5655	-126900000	747800000	
Comoros	837000000	2.06	2.20	1200	3.70	10.00	1.00	0.90	0.00	134562.00	8809.00	1.00	48360000	4	31.49	340.00	8.19	25200000	880	206600000	68.97	1.80	268500	0.00	62.74	74.90	-2.68	737284	4.09	2235	23600	216400	24300	0	1000	967	0	18.90	0	0	0	14	-60400000	604200000	
Guinea-Bissau	1925000000	1.97	5.30	1100	3.20	13.00	0.00	0.64	0.00	205460.00	17639.00	1.00	65100000	8	34.72	350.00	15.01	244600000	3455	327600000	94.40	5.00	632700	338.00	49.11	54.20	0.00	1628603	4.44	36125	5000	401900	37100	0	3000	2565	0	19.60	0	0	0	90	-95900000	953500000	
Maldives	2800000000	-0.13	5.80	8600	4.10	5.60	1.00	0.94	0.00	85181.00	3595.00	1.00	542000000	6	15.12	644.00	3.76	163000000	88	967000000	26.46	6.00	110000	0.00	74.69	93.80	-12.64	394451	1.79	298	24100	530400	86400	0	6000	6088	0	26.50	0	0	0	3296	-463000000	1886000000	
Brunei	21030000000	1.69	2.20	49500	3.70	0.80	0.00	0.95	0.00	95141.00	3465.00	1.00	3054000000	1	17.74	161.00	3.39	10670000000	2971	2610000000	11.15	2.00	198800	381.00	76.37	92.70	2.55	408786	1.85	5765	79800	443200	314900	159400	17000	138	153000	28.70	11500000000	2690000000	8810000000	49457	3977000000	16100000000	
Seychelles	2302000000	0.92	5.10	25400	7.20	2.00	1.00	0.61	0.00	19891.00	650.00	1.00	241800000	14	15.10	491.00	6.90	495100000	508	877100000	11.35	2.60	39560	0.00	73.77	91.80	1.02	90024	1.90	455	27900	126600	32000	0	8000	6203	0	32.90	0	0	0	247	-211100000	1001000000	
Afghanistan	29740000000	2.22	5.80	1000	2.50	25.00	48.00	0.87	258.00	3797087.00	370295.00	2.00	231100000	52	39.30	0.00	14.59	2625000000	42150	9152000000	121.63	13.80	15000000	76.00	49.72	28.10	-2.51	30419928	5.64	652230	13500	17558000	1000000	0	4800	4512	0	17.90	30000000	30000000	0	223	-736000000	18020000000	
Bahamas, The	10600000000	0.90	1.60	30400	6.50	2.10	0.00	0.62	0.00	63429.00	2750.00	2.00	1907000000	61	15.95	3542.00	6.91	834900000	2717	2966000000	13.09	3.20	184000	0.00	71.44	95.60	0.00	316182	1.98	13880	133000	298800	115800	0	35000	70990	41610	30.50	0	0	0	20661	-1091000000	7663000000	
Congo, Democratic Republic of the	25290000000	2.58	6.90	300
	2.60	25.30	2.00	0.72	0.00	10168258.00	871880.00	1.00	6036000000	201	37.05	37.00	10.80	10660000000	153497	8721000000	76.63	15.50	34790000	217.00	55.74	66.80	-0.47	73599190	5.09	2344858	42000	15673000	290000	21000	13000	13100	11090	17.60	0	0	0	2515	-831000000	15460000000	
Haiti	12370000000	0.89	5.60	1200	4.00	18.90	0.00	0.80	0.00	1666324.00	115246.00	1.00	309000000	14	23.87	1771.00	8.10	767500000	4160	2985000000	52.44	8.40	4810000	360.00	62.51	52.90	-6.90	9801664	2.98	27750	50000	4200000	1000000	0	12000	13480	0	21.60	0	0	0	555	-1728000000	7270000000	
Lesotho	3723000000	0.33	4.90	1900	5.40	7.80	1.00	0.95	1400.00	270184.00	19110.00	1.00	236000000	24	26.65	0.00	15.18	1003000000	7091	2306000000	53.44	5.00	854600	909.00	51.86	89.60	-8.15	1930493	2.89	30355	35600	1051000	76800	0	2000	1690	0	23.10	0	0	0	11030	-521500000	2449000000	
Central African Republic	3636000000	2.14	3.30	800	3.70	14.80	1.00	0.66	335.00	655875.00	53999.00	1.00	148800000	40	36.13	0.00	14.71	186300000	24307	319800000	97.17	0.10	1926000	175.00	50.48	56.00	0.00	5057208	4.57	622984	2300	1124000	22600	0	2000	2418	0	19.30	0	0	0	20	-191400000	2160000000	
Djibouti	2231000000	2.29	4.50	2600	3.40	3.00	0.00	0.79	-155.00	114557.00	8360.00	1.00	260400000	13	24.91	314.00	8.08	96800000	3065	413800000	53.31	4.40	351700	58.00	61.57	67.90	6.02	774389	2.63	23200	18400	193000	25900	0	12000	11230	19	22.10	0	0	0	215	33000000	1219000000	
Mauritania	7115000000	2.32	4.00	2000	3.50	17.80	1.00	0.74	-5.00	480042.00	36116.00	5.00	508700000	28	32.78	754.00	8.66	2799000000	11066	2854000000	58.93	7.50	1318000	463.00	61.53	58.00	-0.89	3359185	4.22	1030700	72300	3283000	75000	11640	20000	17750	10000	19.60	0	0	0	22	-549400000	4131000000	
Suriname	6326000000	1.22	4.20	11800	5.60	10.50	3.00	0.77	-2.00	109445.00	4106.00	1.00	1440000000	47	17.44	386.00	6.17	2467000000	4304	1679000000	28.94	17.70	165600	510.00	71.12	89.60	0.96	560157	2.08	163820	85500	947000	163000	14460	15000	5668	3058	27.60	0	0	0	188	251100000	4479000000	
Taiwan	875900000000	0.29	4.00	37700	11.30	1.80	1.00	0.90	0.00	4951088.00	155306.00	2.00	220800000000	40	8.70	1566.30	6.70	307000000000	41475	279200000000	4.60	1.40	11200000	0.00	78.48	96.10	0.03	23234936	1.10	35980	16907000	28862000	16147000	26680	1002000	876300	303000	38.10	310000000	12100000000	0	6272000	41600000000	459000000000	
Barbados	6929000000	0.35	0.60	25000	10.00	3.10	0.00	0.65	0.00	58016.00	1842.00	1.00	945000000	1	12.23	97.00	8.39	476700000	1600	1606000000	11.63	9.40	145000	0.00	74.52	99.70	-0.30	287733	1.68	430	140700	347900	188000	739	9000	8684	0	36.90	0	0	0	1524	-358500000	4244000000	
Burkina Faso	22100000000	3.07	4.20	1300	2.50	23.30	2.00	0.62	200.00	2366168.00	191662.00	1.00	683500000	24	43.20	0.00	12.47	2438000000	92495	2347000000	79.84	2.80	6668000	126.00	54.07	21.80
	0.00	17275115	6.07	274200	141500	7682000	178100	0	9000	8560	0	17.00	0	0	0	1795	-125800000	10030000000	
Cuba	114100000000	-0.12	1.50	9900	12.00	3.80	1.00	0.82	0.00	2375590.00	69108.00	4.00	14200000000	136	9.96	3735.00	7.52	6041000000	60858	13960000000	4.83	4.70	5175000	29.00	77.87	99.80	-3.59	11075244	1.45	110860	1193000	1315000	1606000	53690	176000	109500	6882	38.90	1160000000	1160000000	0	3244	-159700000	57490000000	
Equatorial Guinea	26100000000	2.61	7.80	19300	4.10	3.60	0.00	0.75	0.00	113277.00	7126.00	2.00	85560000	7	34.88	296.00	8.81	15630000000	2880	7320000000	75.18	7.00	195200	189.00	62.75	93.90	0.00	685991	4.83	28051	13500	426000	14400	322700	2000	1729	395000	19.20	6270000000	1550000000	4720000000	7	-945000000	19270000000	
Serbia	78750000000	-0.46	1.60	10400	14.90	11.00	308.00	0.69	35.00	1356415.00	41080.00	2.00	35500000000	30	9.17	0.00	13.81	11780000000	41913	19450000000	6.40	11.20	3210000	62.00	74.56	97.90	0.00	7276604	1.40	77474	3030000	10182000	4107000	22730	50280	27330	11000	41.50	517000000	2510000000	0	1102000	-4122000000	42620000000	
Turkmenistan	43340000000	1.14	14.70	7800	4.10	7.90	2.00	0.77	3139.00	1066649.00	52988.00	1.00	13000000000	26	19.55	0.00	6.21	14780000000	58592	9604000000	40.89	12.00	2300000	379.00	68.84	98.80	-1.90	5054828	2.14	488100	547000	3511000	80400	216000	125000	0	97430	25.80	42400000000	22600000000	18000000000	714	1005000000	27610000000	
Bosnia and Herzegovina	31570000000	-0.09	1.30	8100	12.70	8.30	1.00	0.69	0.00	937327.00	24879.00	1.00	10800000000	25	8.90	20.00	9.40	6030000000	22926	11060000000	6.10	3.70	2600000	249.00	78.96	97.90	0.00	3879296	1.24	51197	955900	3171000	1422000	59	28500	38890	96	41.20	0	390000000	0	155252	-1583000000	17820000000	
Botswana	29850000000	1.48	5.10	16100	3.90	2.10	4.00	0.67	513.00	302332.00	23063.00	1.00	2850000000	76	22.02	0.00	12.00	6458000000	25798	6275000000	10.49	8.50	1269000	813.00	55.74	84.50	4.75	2098018	2.46	581730	149600	2900000	120000	0	15000	15590	0	22.50	0	0	0	1806	271000000	17390000000	
Cape Verde	2052000000	1.43	5.00	3900	5.30	8.40	0.00	0.60	0.00	106864.00	6026.00	1.00	238600000	9	21.21	965.00	6.28	211000000	1350	1060000000	26.02	4.50	196100	0.00	71.00	84.30	-0.66	523568	2.44	4033	74500	396400	150000	0	2000	2336	0	23.10	0	0	0	38	-287800000	1873000000	
Eritrea	4037000000	2.42	8.70	700	3.70	11.00	2.00	0.79	-75.00	896096.00	66731.00	2.00	224900000	13	32.10	2234.00	7.92	415400000	4010	899900000	40.34	20.00	1935000	109.00	62.86	67.80	0.00	6086495	4.37	117600	58000	241900	200000	0	6000	3864	0	18.90	0	0	0	701	-127800000	2567000000	
Ethiopia	94850000000	2.90	7.50	1100	2.80	14.50	0.00	0.75	-125.00	11868084.00	967411.00	2.00	3357000000	58	38.50	0.00	9.30	2957000000	36469	9694000000	60.90	33.00	37900000	349.00	56.56	42.70	-0.01	91195675	5.39	1104300	829000	14127000	447300	0	47000	33480	0	16.80	0	0	0	179	-1965000000	31210000000	
Madagascar	20640000000	2.68	1.80	900	3.10	16.40	2.00	0.79	0.00	3390071.00	246769.00	1.00	1032000000	82	34.00	4828.00	7.30	1394000000	65663	3765000000	47.40	9.50	9504000	0.00	64.00	64.50	0.00	22005222	4.45	587041	138100	8160000	319900	0	22000	16390	0	18.30	0	0	0	38392	-2526000000	9743000000	
Swaziland	6231000000	1.20	0.30	5300	3.70	8.20	2.00	0.69	21.00	175477.00	15763.00	1.00	1207000000	15	26.16	0.00	14.21	2040000000	3594	2108000000	59.57	6.10	457900	105.00	49.42	81.60	0.00	1386914	3.03	17364	52900	766500	90100	0	4000	4464	0	20.50	0	0	0	2744	-280900000	3913000000	
Yemen	57970000000	2.58	-10.50	2300	2.60	7.90	1.00	0.90	0.00	4056944.00	277612.00	1.00	4646000000	57	32.57	1906.00	6.82	8662000000	71300	8248000000	53.50	19.50	6956000	288.00	64.11	63.90	0.00	24771809	4.45	527968	1075000	11668000	2349000	258800	157000	64610	207700	18.30	520000000	100000000	420000000	33206	-1663000000	33220000000	
Zimbabwe	6474000000	4.36	9.40	500	3.70	20.40	1.00	0.70	162.00	1528166.00	152550.00	2.00	12470000000	202	32.19	0.00	12.38	2932000000	97267	4370000000	28.23	5.40	3856000	225.00	51.82	90.70	23.77	12619600	3.61	390757	356000	9200000	1423000	0	11000	13140	0
	18.90	0	0	0
	30615	-621500000	9307000000	
Burundi	5184000000	3.10	4.20	600	2.50	21.40	0.00	0.67	772.00	1398769.00	116956.00	1.00	273400000	7	40.58	0.00	9.36	90800000	12322	536600000	60.32	9.70	4245000	233.00	59.24	67.20	-0.18	10557259	6.08	27830	32600	1980000	157800	0	3000	2450	0	17.00	0	0	0	229	-253400000	2318000000	
Chad	19560000000	1.98	1.80	1900	2.90	6.70	2.00	0.72	160.00	1183242.00	128244.00	1.00	93000000	58	38.70	0.00	15.16	4974000000	40000	4054000000	93.61	2.00	4293000	87.00	48.69
	34.50	-3.74	10975648	4.93	1284000	31200	3666000	168100	126200	2000	1837	115000	16.90	0	0	0	6	-2386000000	9195000000	
Hong Kong	351500000000	0.42	5.00	49400	11.40	0.00
	0.00	0.88	0.00	1387213.00	36554.00	1.00	43140000000	2	7.54	733.00	7.23	438000000000	2067	494100000000	2.90	5.30	3703000	30.00	82.12	93.50	3.90	7153519	1.09	1104	4348000	14931000	4873000	0	303800	375000	18750	43.90	0	3460000000	0	870041	12910000000	239800000000	
Iceland	12410000000	0.67	3.10	38100	12.90	5.40	1.00	0.85	0.00	61511.00	2200.00	1.00	16480000000	99	13.23	4970.00	7.02	5344000000	12869	4506000000	3.18	4.00	180000	0.00	81.00	99.00	0.53	313183	1.89	103000	189500	344100	301600	0	17430	15530	1209	35.90	0	0	0	369969	-953000000	13820000000	
Kuwait	153500000000	1.88	8.20	41700	2.10	0.20	1.00	0.96	0.00	523206.00	16232.00	1.00	42580000000	7	20.96	499.00	2.13	104300000000	5749	21960000000	7.87	4.70	2227000	222.00	77.28	93.30	0.00	2646314	2.60	17818	566300	4400000	1100000	2450000	354000	0	2127000	28.60	11490000000	12380000000	0	2771	70780000000	158400000000	
Luxembourg	41450000000	1.14	1.60	80600	15.10	0.40	2.00	0.71	133.00	96361.00	3084.00	1.00	6453000000	2	11.70	0.00	8.50	19220000000	5227	26540000000	4.39	3.40	207500	73.00	79.75	100.00	8.15	509074	1.77	2586	279100	765000	424500	0	60500	51930	686	39.50	0	1366000000	0	250900	4185000000	58630000000	
Oman	85000000000	2.04	5.40	27600	3.20	1.50	2.00	1.03	0.00	642427.00	30264.00	1.00	13250000000	130	24.33	2092.00	3.42	47090000000	53430	21350000000	14.95	4.10	968800	288.00	74.47	81.40	-0.47	3090150	2.87	309500	287600	4809000	1465000	867900	142000	27970	592300	24.40	24760000000	14720000000	11540000000	14531	10670000000	71520000000	
Sierra Leone	6795000000	2.28	6.00	1100	3.70	22.00	1.00	0.78	0.00	731898.00	54212.00	1.00	53940000	8	38.12	402.00	11.49	426900000	11300	1571000000	76.64	16.20	2207000	306.00	56.55	35.10	-3.86	5485998	4.90	71740	14000	2137000	14900	25	9000	4945	500	19.10	0	0	0	282	-1153000000	2868000000	
Sudan	89160000000	1.88	-4.50	2700	3.30	23.90	1.00	1.00	0.00	6475530.00	512476.00	1.00	3787000000	72	31.70	853.00	8.30	9694000000	11900	8205000000	55.60	18.00	11920000	175.00	62.57	61.10	-4.52	34206710	4.17	1861484	483600	25107000	4200000	514300	98000	11820	383900	18.70	0	0	0	99	208100000	62970000000	
Togo	6464000000	2.75	4.90	1000	3.20	21.60	2.00	0.77	0.00	1104536.00	73515.00	2.00	671900000	8	35.26	56.00	7.78	928700000	7520	1455000000	49.87	3.60	2595000	126.00	63.17	60.90	0.00	6961049	4.64	56785	240000	3105000	356300	0	23000	15900	0	19.40	0	0	0	1168	-302700000	3641000000	
United Arab Emirates	256500000000	3.06	5.20	47700	0.90	0.80	2.00	1.05	0.00	842759.00	24419.00	2.00	70580000000	42	15.76	1318.00	2.04	281600000000	4080	202100000000	11.59	0.90	4111000	410.00	76.71	77.90	16.82	5314317	2.38	83600	1825000	11727000	3449000	2813000	545000	235300	2395000	30.20	48840000000	59080000000	7010000000	337804	30650000000	336500000000	
Uzbekistan	95240000000	0.94	8.30	3300	4.70	21.90	3.00	0.74	-12.00	6566118.00	295456.00	4.00	40100000000	53	17.33	0.00	5.29	12590000000	86496	8530000000	21.20	12.80	16110000	137.00	72.77	99.30	-2.65	28394180	1.86	447400	1928000	25442000	4689000	87000	104000	9013	2078	26.20	59100000000	45500000000	15200000000	56075	3360000000	44630000000	
Bahrain	31300000000	2.65	2.10	27700	2.60	0.40	0.00	0.91	0.00	245302.00	8117.00	1.00	10480000000	4	14.41	161.00	2.63	19910000000	4122	12110000000	10.20	-0.40	666000	0.00	78.29	94.60	14.74	1248348	1.86	760	276500	1694000	419500	46430	47000	213000	239900	31.10	12580000000	12580000000	0	47727	3247000000	25450000000	
Benin	14750000000	2.88	3.50	1600	2.70	6.40	1.00	0.67	0.00	1385065.00	104526.00	1.00	653000000	5	37.55	121.00	8.79	1593000000	16000	2188000000	60.03	2.70	3662000	266.00	60.26	42.40	0.00	9598787	5.22	112622	152700	7765000	200100	0	25000	33410	10840	17.60	0	0	0	491	-699900000	7183000000	
Congo, Republic of the	18070000000	2.85	3.40	4500	2.80	4.20	1.00	0.69	0.00	566587.00	49641.00	1.00	534000000	25	40.09	169.00	11.25	12380000000	17289	4917000000	74.22	1.90	1514000	201.00	55.27	83.80	-0.35	4366266	5.59	342000	10000	3885000	245200	302200	11000	2832	211800	17.10	530000000	530000000	0	45	1850000000	14210000000	
Fiji	4153000000	0.77	2.10	4600	5.40	11.50	0.00	0.85	0.00	183730.00	8039.00	1.00	865800000	28	20.70	1129.00	5.93	901500000	3440	1762000000	10.73	8.50	335000	0.00	71.59	93.70	-7.11	890057	2.58	18274	129800	727000	114200	0	15000	18850	1857	27.20	0	0	0	21739	-428800000	3735000000	
Gabon	24770000000	1.98	6.60	16300	3.90	4.30	4.00	0.73	0.00	195389.00	17614.00	1.00	1600000000	45	35.00	885.00	13.07	10860000000	9170	3194000000	49.00	1.30	742100	298.00	52.29	88.40	-2.16	1608321	4.56	267667	30000	1800000	98800	227900	18000	4822	213500	18.60	80000000	80000000	0	127	3514000000	15710000000	
Gambia, The	3496000000	2.34	3.30	1900	3.20	17.40	0.00	0.90	0.00	315176.00	20508.00	1.00	204600000	1	33.41	80.00	7.50	104200000	3742	328400000	69.58	4.80	777100	740.00	63.82	50.00	-2.46	1840454	4.10	11295	49100	1581000	130100	0	2000	2807	42	19.70	0	0	0	656	-119100000	961400000	
Lebanon	61440000000	-0.38	1.50	15500	9.20	4.60	4.00	0.86	0.00	920825.00	35121.00	1.00	9793000000	7	14.92	225.00	6.63	5386000000	6970	19300000000	15.32	5.10	1481000	79.00	75.23	87.40	-12.08	4140289	1.76	10400	900000	3350000	1000000	0	106000	78760	0	30.40	0	0	0	64926	-4163000000	38410000000	
Libya	38980000000	2.01	-59.70
	6000	3.90	3.30	3.00	0.96	-47.00	1458934.00	57070.00	1.00	22890000000	144	17.50	1770.00	4.90	15160000000	100024	10070000000	12.70	15.90	1252000	354.00	77.83	89.20	0.00	5613380	2.12	1759540	1000000	10000000	353900	1789000	289000	575	1580000	24.80	15900000000	6010000000	9890000000	17926	4002000000	35130000000	
Rwanda	13620000000	2.75	8.60	1300	2.40	13.90	0.00	0.67	950.00	1685066.00	110328.00	1.00	236800000	7	36.14	0.00	9.64	372600000	14008	1368000000	62.51	4.90	4446000	169.00	58.44	71.10	1.00	11689696	4.81	26338	38900	4446000	450000	0	6000	5105	0	18.80	0	0	0	1447	-692200000	6231000000	
Uganda	47780000000	3.30	5.10	1400	2.10	24.40	2.00	0.68	621.00	4200901.00	420236.00	1.00	1958000000	46	45.80	0.00	11.60	2519000000	70746	5002000000	64.20	18.70	16020000	169.00	53.45	66.80	-0.02	33640833	6.14	241038	464800	16697000	3200000	0	14000	13770	0	15.10
	0	0	0	32683	-1631000000	17150000000	
Belize	2786000000	2.01	2.00	8200	3.60	9.70	0.00	0.90	0.00	57221.00	3584.00	1.00	200400000	43	26.02	386.00	5.91	603300000	3007	773900000	21.37	-2.50	120500	250.00	68.28	76.90	0.00	327719	3.15	22966	28800	203000	36000	4252	7000	7326	0	21.30	0	0	0	3392	-31300000	1423000000	
Honduras	35700000000	1.84	3.60	4400	3.80	12.80	12.00	0.79	0.00	1525578.00	92087.00	3.00	6540000000	104	24.66	163.00	5.05	7204000000	14239	10340000000	19.85	6.80	3370000	256.00	70.71	80.00	-1.22	8296693	3.01	112090	609200	8062000	731700	0	51000	53630	5114	21.30	0	0	0	30955	-1503000000	17090000000	
Jamaica	24560000000	0.71	1.30	8900	7.70	6.30	0.00	0.81	0.00	590673.00	32702.00	2.00	6400000000	27	18.89	1022.00	6.59	1665000000	22121	5859000000	14.30	7.50	1318000	0.00	73.43	87.90	-5.17	2889187	2.12	10991	272100	2975000	1581000	506	63000	90520	0	24.40	0	0	0	3906	-1723000000	14260000000	
Laos	17410000000	1.66	8.00	2800	3.70	27.80	3.00	0.82	70.00	1111629.00	71400.00	3.00	2230000000	42	25.68	0.00	7.99	2131000000	39568	2336000000	57.77	7.60	3690000	235.00	62.77	73.00	-1.14	6586266	3.06	236800	107600	5481000	300000	0	3000	1918	0	21.40	0	0	0	1532	90200000	8169000000	
Liberia	2432000000	2.61	8.20	600	3.00	5.40	0.00	0.98	0.00	524243.00	36585.00	1.00	311600000	29	36.45	579.00	10.36	422100000	10600	755100000	72.71	7.40	1372000	306.00	57.41	60.80	0.00	3887886	5.02	111369	3100	2030000	20000	0	4500	4552	23	18.20	0	0	0	7	-754300000	1520000000	
Malawi	13760000000	2.76	4.30	900	2.70	16.60	2.00	0.74	37.00	2043925.00	183028.00	1.00	1559000000	31	40.42	0.00	12.84	945100000	15451	1722000000	79.02	7.60	5747000	475.00	52.31	74.80	0.00	16323044	5.35	118484	173500	3856000	716400	0	8000	7124	0	17.30	0	0	0	1099	-758500000	5517000000	
Malta	10830000000	0.36	2.10	25600	15.40	1.90	1.00	0.79	0.00	75684.00	2385.00	1.00	1991000000	1	10.31	196.80	8.72	3635000000	3096	4856000000	3.65	2.70	180200	0.00	79.85	92.80	2.00	409836	1.53	316	229300	521700	240600	0	19000	18420	0	40.30	0	0	0	14754	-268800000	8798000000	
Mauritius	19290000000	0.71	4.10	15000	7.70	4.50	0.00	0.67	0.00	280596.00	10104.00	1.00	2234000000	5	13.78	177.00	6.73	2645000000	2066	4926000000	11.20	6.50	607400	0.00	74.71	88.50	0.00	1313095	1.78	2040	374600	1294000	290000	0	23000	20750	0	33.10	0	0	0	51139	-1164000000	11090000000	
Namibia	15930000000	0.82	4.90	7500	4.20	7.60	2.00	0.78	0.00	311513.00	26038.00	1.00	3928000000	112	21.11	1572.00	13.09	4393000000	64189	5345000000	45.61	5.00	803700	233.00	52.17	88.80	0.15	2165828	2.41	824292	140000	2439000	127500	0	24000	19890	0	22.10	0	0	0	78280	-108200000	12330000000	
Nepal	38080000000	1.77	3.90	1200	4.40	15.00	4.00	0.87	70.00	5260878.00	367103.00	1.00	4833000000	47	21.85	0.00	6.75	998900000	17282	5665000000	43.13	9.60	18000000	1236.00	66.51	60.30	2.58	29890686	2.41	147181	845500	13355000	577800	0	20000	13740	0	22.10	0	0	0	41256	49000000	18670000000	
Singapore	314900000000	1.99	4.90	59700	7.80	0.00	0.00	0.82	0.00	1018839.00	25368.00	2.00	41200000000	9	7.72	193.00	3.41	414800000000	3356	366300000000	2.65	5.20	3237000	0.00	83.75	92.50	15.62	5353494	0.78
	697	2017000	7755000	3235000	10910	1080000	2052000	1374000	33.50	0	8400000000	0	1960000	50160000000	255700000000	
Albania	25320000000	0.28	3.00	7800	10.60	19.40	1.00	0.89	0.00	622379.00	29533.00	1.00	6593000000	5	12.38	362.00	6.25	1954000000	18000	5076000000	14.12	3.50	1071000	112.00	77.59	98.70	-3.33	3002859	1.48	28748	338800	3100000	1300000	10930	33000	22880	1004	30.90	30000000	30000000	0	15528	-1695000000	12760000000	
Burma	82680000000	1.07	5.50	1300	5.10	18.70	1.00	0.77	0.00	10451515.00	506388.00	1.00	4630000000	74	19.11	1930.00	8.10	8196000000	27000	5982000000	47.74	5.00	32530000	193.00	65.24	89.90	-0.30	54584650	2.23	676578	521100	1244000	110000	21120	37000	19700	0	27.20	11540000000	3250000000	8290000000	1055	96100000	50620000000	
Guyana	5851000000	-0.33	5.40	7600	4.90	20.50	1.00	0.69	0.00	133239.00	8460.00	1.00	688000000	98	16.69	459.00	7.18	1180000000	7970	1746000000	35.59	2.60	313100	600.00	67.39	91.80	-12.78	741908	2.27	214969	152600	518800	189600	0	10000	10480	0	24.20	0	0	0	24936	-307200000	2536000000	
Kyrgyzstan	13130000000	0.89	5.70	2400	4.90	20.10	2.00	0.63	132.00	1119224.00	54056.00	1.00	7474000000	28	23.90	0.00	6.90	2331000000	34000	3959000000	30.80	16.60	2344000	858.00	69.45	98.70	-8.10	5496737	2.73	199951	480000	5653000	2195000	946	16000	15940	2042	25.20	15400000	665400000	0	115573	-252400000	5825000000	
Mali	17880000000	3.02	2.70	1100	3.00	21.90	1.00	0.91	23.00	1825779.00	158031.00	1.00	455700000	21	46.60	0.00	13.90	2453000000	18912	3026000000	108.70	2.90	3241000	419.00	53.06	31.10	-5.08	15494466	6.35	1240192	104700	10822000	249800	0	6000	4507	0	16.40	0	0	0	437	-1301000000	10440000000	
Nicaragua	18880000000	1.07	4.70	3200	4.60	17.40	1.00	0.83	0.00	1227757.00	67522.00	2.00	2646000000	143	19.12	910.00	5.04	3941000000	19137	5996000000	21.86	8.10	2885000	309.00	72.18	67.50	-3.40	5727707	2.08	130370	287600	4822000	199800	377	30000	30290	742	23.40	0	0	0	296068	-1259000000	7180000000	
Papua New Guinea	16860000000	1.94	8.90	2500	3.70	29.30	8.00	1.04	0.00	1130951.00	65820.00	1.00	2757000000	562	25.92	5152.00	6.56	6791000000	9349	4070000000	42.05	8.40	3896000	820.00	66.46	57.30	0.00	6310129	3.39	462840	130000	2400000	125000	30570	33000	14770	8029	22.00	130000000	130000000	0	5006	-48500000	12450000000	
Saudi Arabia	687700000000	1.52	7.10	24400	3.00	2.00	2.00	1.05	0.00	5677819.00	244763.00	2.00	174500000000	216	19.19	2640.00	3.32	364700000000	221372	120000000000	15.61	5.00	7630000	60.00	74.35	86.60	-0.64	26534504	2.26	2149690	4633000	53706000	9774000	10520000	2643000	83150	7635000	25.70	83940000000	83940000000	0	145941	158500000000	587500000000	
Trinidad and Tobago	26490000000	-0.09	-1.50	20000	8.70	0.30	0.00	0.76	0.00	261735.00	7503.00	1.00	7246000000	5	14.25	362.00	8.35	13020000000	8320	9552000000	26.73	5.10	613600	0.00	71.67	98.60	-6.76	1226383	1.72	5128	292000	1825000	593000	144900	41000	95240	242600	33.50	42380000000	21970000000	20410000000	241690	2260000000	22220000000	
Cameroon	47300000000	2.08	4.20	2300	3.40	19.90	2.00	0.84	0.00	2718110.00	211636.00	1.00	4883000000	34	32.49	402.00	11.66	5544000000	51000	6108000000	59.70	2.90	8078000	189.00	54.71	75.90	0.00	20129878	4.09	475440	669000	10475000	749600	65330	30000	46490	101300	19.60	20000000	20000000	0	10207	-1365000000	25240000000	
El Salvador	44580000000	0.30	1.40	7500	6.60	10.50	0.00	0.80	0.00	1079038.00	68971.00	1.00
	5756000000	65	17.44	307.00	5.63	5402000000	10886	9801000000	19.66	5.10	2581000	203.00	73.69	81.10	-8.78	6090646	2.04	21041	950000	7837000	746000	15640	57280	45060	2315	24.70	0	0	0	24070	-1223000000	22400000000	
Guatemala	74840000000	1.95	3.90	5100	4.00	13.00	15.00	0.87	0.00	2590843.00	168151.00	3.00	8161000000	291	26.48	400.00	4.92	10550000000	14095	15370000000	25.16	6.20	5571000	203.00	71.17	69.10	-2.08	14099032	3.18	108889	1626000	20716000	2279000	13070	71000	78550	15300	20.40	0	0	0	357552	-1523000000	46150000000	
Iraq	138800000000	2.35	8.90	4200	3.10	9.70	55.00	0.87	0.00	6421717.00	322010.00	5.00	55660000000	104	28.19	58.00	4.73	79680000000	44900	47800000000	40.25	5.60	8900000	181.00	70.85	78.20	0.00	31129225	3.58	438317	1794000	25519000	325900	2642000	694000	231200	2170000	21.10	1300000000	1300000000	0	26	21680000000	112400000000	
Macedonia	21590000000	0.24	3.10	10500	11.80	11.10	0.00	0.75	50.00	426251.00	14920.00	2.00	9024000000	14	11.80	0.00	8.95	4429000000	13736	6759000000	8.32	3.90	940100	62.00	75.36	97.30	-0.48	2082370	1.59	25713	413500	2257000	1057000	116	19000	21530	8594	36.20	0
	136800000	0	62826	-273500000	10470000000	
Paraguay	40640000000	1.26	4.30	6200	6.30	18.60	6.00	0.87	46.00	1409859.00	71801.00	3.00	8500000000	800	17.22	0.00	4.59	10270000000	29500	12060000000	22.24	8.30	3084000	750.00	76.40	94.00	-0.08	6541591	2.06	406752	364600	6529000	1105000	0	31000	23810	0	25.90	0	0	0	280658	-549900000	23690000000	
Qatar	174900000000	4.93	14.10	98900	0.80
	0.10	1.00	1.02	0.00	140176.00	5162.00	1.00	18790000000	6	10.23	563.00	1.55	114300000000	7790	26930000000	6.81	1.90	1241000	60.00	78.09	96.30	40.62	1951591	1.93	11586	306700	2302000	563800	1437000	166000	4108	1038000	32.20	116700000000	21890000000	94810000000	897	51980000000	170700000000	
Armenia	17970000000	0.11	4.60	5400	9.90	19.00	1.00	0.59	400.00	644372.00	21417.00	2.00	5800000000	11	12.90	0.00	8.49	1518000000	7705	3614000000	18.21	7.70	1194000	35.00	73.49	99.60	-3.35	2970495	1.38	29743	577500	3211000	208200	0	52000	46680	0	32.60	0	2077000000	0	194142	-1120000000	10090000000	
Belarus	141800000000	-0.18	5.30	15000	13.90	9.50	11.00	0.46	90.00	1693626.00	48760.00	1.00	31070000000	65	11.10	0.00	13.90	41410000000	86392	45130000000	3.70	53.30
	5000000	171.00	71.48	99.60	0.38	9643566	1.45	207600	4208000	10695000	2643000	31010	163000	471400	310500	39.30	150000000	17750000000	0	295217	-5775000000	54250000000	
Brazil	2294000000000	0.86	2.70	11800	7.10	5.50	161.00	0.74	0.00	38993989.00	1672477.00	7.00	455700000000	4105	15.20	7491.00	6.50	256000000000	1751868	226200000000	20.50	6.60	104700000	593.00	72.79	88.60	-0.09	199321413	1.82	8514877	43026000	242232000	75982000	2301000	2029000	255800	801200	29.60	24070000000	25130000000	0	26577000	-52480000000	2453000000000	
Cambodia	33820000000	1.69	7.10	2200	3.80	24.10	1.00	0.60	0.00	2638167.00	151143.00	1.00	1559000000	16	25.17	443.00	7.97	6018000000	38093	8213000000	54.08	5.50	8800000	541.00	63.04	73.60	-0.33	14952665	2.78	181035	530000	10000000	78500	0	32000	33200	0	23.30	0	0	0	13784	-1158000000	12680000000	
Cote d'Ivoire	36070000000	2.04	-4.70	1600	3.10	21.00	2.00	0.96	0.00	3196033.00	242958.00	1.00	3584000000	27	30.40	515.00	9.96	11400000000	80000	7911000000	63.20	5.10	8764000	532.00	57.25	56.20	0.00	21952093	3.82	322463	268200	17416000	967300	44880	25000	85190	70800	19.80	1600000000	1600000000	0	9115	-257300000	23710000000	
Cyprus	23720000000	1.57	0.50	27500	10.70	2.30	0.00	0.77	0.00	239862.00	7398.00	1.00	4556000000	15	11.44	648.00	6.48	1957000000	14671	8000000000	9.05	3.30	414100	150.40	78.00	97.60	10.75	1138071	1.45	9251	405000	1090000	433900	0	61000	57290	0	35.10	0	0	0	252013	-2546000000	24320000000	
Dominican Republic	93380000000	1.31	4.50	9300	6.70	6.00	4.00	0.86	-46.00	2090180.00	96302.00	1.00	12870000000	36	19.44	1288.00	4.41	8536000000	19705	17420000000	21.30	8.50	4703000	360.00	77.44	87.00	-1.98	10088598	2.41	48670	1044000	8771000	2701000	392	119000	107300	0	26.50	0	560000000	0	404500	-4521000000	54860000000	
Ireland	187100000000	1.11	1.40	40800	11.90	2.00	0.00	0.84	0.00	965900.00	27197.00	1.00	26100000000	39	15.81	1448.00	6.38	118100000000	96036	67180000000	3.81	2.60	2114000	360.00	80.32	99.00	1.69	4722028	2.01	70273	2047000	4906000	3042000	431	143100	166000	21590	35.10	383000000	5667000000	0	1387000	2484000000	217700000000	
Italy	1847000000000	0.38	0.40	30500	13.80	2.00	9.00	0.74	0.00	11247446.00	281671.00	9.00	309900000000	130	9.06	7600.00	9.93	524900000000	487700	549600000000	3.36	2.90	25080000	3.20	81.86	98.40	4.67	61261254	1.40	301340	21060000	92300000	29235000	151800	1528000	1800000	529100	43.80	8400000000	77800000000	139000000	25662000	-71870000000	2164000000000	
Moldova	12000000000	-1.01	6.40	3400	10.60	16.20	2.00	0.60	2.00	875224.00	26614.00	1.00	4463000000	10	12.50	0.00	12.62	2277000000	9343	5147000000	13.65	7.60	1233000	450.00	69.51	98.50	-10.02	3656843	1.55	33851	1180000	3715000	1333000	0	20000	14730	741	35.20	60000	3176000000	0	711564	-806600000	6891000000	
Mongolia	13290000000	1.47	17.50	4800	4.00	15.80	4.00	0.77	560.00	726199.00	29648.00	1.00	3375000000	44	20.70	0.00	6.01	4818000000	49249	5810000000	36.00	9.50	1147000	3543.00	68.63	97.40	0.00	3179997	2.19	1564116	187600	2942000	330000	0	17000	15730	5834	26.60	0	0	0	20084	-2760000000	8570000000	
New Zealand	123700000000	0.86	1.30	28000	13.60	4.90	4.00	0.85	0.00	828779.00	28825.00	1.00	39020000000	122	13.57	15134.00	7.20	38350000000	93911	35610000000	4.72	4.00	2370000	0.00	80.71	99.00	2.26	4327944	2.07	267710	1880000	4820000	3400000	60480	149700	138000	47200	37.20	4481000000	4481000000	0	3026000	-6709000000	156300000000	
Portugal	248500000000	0.18	-1.70	23400	16.10	2.60	1.00	0.69	0.00	2018004.00	54786.00	5.00	48270000000	65	9.76	1793.00	10.86	59220000000	82900	77620000000	4.60	3.70	5543000	1214.00	78.70	95.20	2.90	10781459	1.51	92090	4525000	12285000	5168000	4721	277400	294600	49650	40.40	0	5161000000	0	3748000	-15440000000	234000000000	
Syria	107600000000	-0.80	-2.00	5100	3.80	16.90	14.00	0.85	-200.00	4884151.00	244712.00	3.00	28990000000	99	23.52	193.00	3.67	10290000000	68157	17600000000	15.12	4.80	5642000	76.00	74.92	79.60	-27.82	22530746	2.85	185180	4345000	13117000	4469000	401000	292000	55280	263000	22.30	6190000000	7100000000	0	416	-7726000000	64700000000	
Tajikistan	16220000000	1.82	7.40	2100	3.30	19.90	16.00	0.73	300.00	1490267.00	74038.00	2.00	16700000000	24	25.93	0.00	6.49	1739000000	27767	3540000000	37.33	12.40	2100000	414.00	66.38	99.70	-1.21	7768385	2.85	143100	380000	6324000	700000	220	40000	39400	405	22.90	38000000	227000000	0	6258	-303900000	6419000000	
Tanzania	67900000000	2.85	6.40	1600	2.90	24.20	2.00	0.75	0.00	5860339.00	512294.00	2.00	3431000000	106	37.70	1424.00	8.60	4843000000	91049	9635000000	46.50	12.70	24060000	217.00	53.14	69.40	-0.29	46912768	5.08	947300	161100	25666000	678000	0	38000	30040	0	18.70	658000000	658000000	0	26074	-3872000000	23470000000	
Venezuela	374100000000	1.47	4.20	12600	5.60	3.80	3.00	0.79	0.00	5614743.00	273353.00	6.00	85850000000	492	19.88	2800.00	5.20	92600000000	96155	46440000000	20.18	26.10	13320000	743.00	74.08	93.00	0.00	28047938	2.40	912050	7332000	28782000	8918000	2375000	746000	0
	1871000	26.30	22900000000	25080000000	0	1016000	27210000000	311400000000	
Austria	349900000000	0.03	2.70	41600	13.90	1.50	1.00	0.73	115.00	1554130.00	45752.00	1.00	65670000000	52	8.69	0.00	10.23	173600000000	124508	183300000000	4.26	3.50	3668000	35.00	79.91	98.00	1.79	8219743	1.41	83871	3388000	13023000	6143000	29590	277900	282200	46020	43.40	1716000000	9116000000	5439000000	3512000	8000000000	411700000000	
Finland	194300000000	0.07	2.70	36000	15.90	2.90	2.00	0.71	0.00	912983.00	31416.00	3.00	83090000000	148	10.36	1250.00	10.33	78830000000	78141	80340000000	3.40	3.30	2682000	614.00	79.41	100.00	0.62	5262930	1.73	338145	1250000	8390000	4393000	8718	217400	318100	133600	42.70	0	4782000000	0	4763000	-1860000000	259300000000	
France	2214000000000	0.50	1.70	35100	17.50	1.80	2.00	0.74	-2.00	11721827.00	377839.00	14.00	460900000000	473	12.70	3427.00	8.90	589700000000	951200	692000000000	3.40	2.30	29500000	4.40	81.46	99.00	1.10	65630692	2.08	643801	35300000	65631000	45262000	84820	1861000	2220000	487200	40.40	721000000	49780000000	2945000000	17266000	-54440000000	2734000000000	
Ghana	75660000000	2.20	14.40	3100	4.00	25.60	0.00	0.82	0.00	4136406.00	260992.00	1.00	6060000000	10	32.00	539.00	7.70	12790000000	62221	15970000000	40.90	8.70	11440000	549.00	61.45	67.30	-0.56	24652402	4.15	238533	284700	21166000	1297000	8880	60000	68830	5752	21.70	0	0	0	59086	-3675000000	37780000000	
Mozambique	24000000000	2.44	7.30	1100	3.00	24.20	11.00	0.85	0.00	2677473.00	274602.00	1.00	10180000000	100	39.34	2470.00	12.79	2776000000	30331	4187000000	76.85	10.40	9973000	105.00	52.02	56.10	-2.13	23515934	5.40	799380	88100	7855000	613600	0	17000	14540	0	16.80	3600000000	100000000	3500000000	89737	-1615000000	12370000000	
Norway	265500000000	0.33	1.50	53400	16.40	2.80	1.00	0.78	0.00	865697.00	30777.00	1.00	115600000000	98	10.80	25148.00	9.22	163800000000	93509	88590000000	3.50	1.30	2629000	196.00	80.32	100.00	1.69	4707270	1.77	323802	2104000	5750000	4431000	2134000	221300	118200	2184000	40.30	106300000000	6600000000	99750000000	3588000	70000000000	477600000000	
Panama	50610000000	1.41	10.60	14100	7.40	4.10	0.00
	0.86	0.00	728329.00	30879.00	1.00	5805000000	118	19.17	2490.00	4.69	16930000000	11978	22950000000	11.32	5.90	1486000	225.00	77.96	91.90	-0.38	3510045	2.43	75420	542500	7281000	959800	0	97000	77910	0	27.80	0	0	0	11022	-3892000000	30080000000	
Senegal	25150000000	2.53	2.60	2000	2.90	15.40	1.00	0.85	0.00	1788493.00	145064.00	1.00	1763000000	20	36.19	531.00	9.05	2416000000	14008	5398000000	55.16	3.40	5687000	330.00	60.18	39.30	-1.82	12969606	4.69	196722	346400	9353000	1818000	65	41000	36290	4550	18.20	50000000	50000000	0	237	-1685000000	14230000000	
Sri Lanka	116300000000	0.91	8.30	5700	8.10	12.10	4.00	0.75	0.00	4177432.00	162587.00	1.00	9268000000	18	17.04	1340.00	5.96	10540000000	91907	20270000000	9.47	7.00	8134000	0.00	75.94	91.20	-1.95	21481334	2.17	65610	3608000	18319000	1777000	637	92000	84730	0	31.10	0	0	0	9552	-4638000000	58210000000	
Tunisia	100000000000	0.96	-1.80	9400	7.60	10.60	2.00	0.96	-17.00	2397716.00	87346.00	2.00	12490000000	29	17.28	1148.00	5.87	17610000000	19232	22950000000	24.98	3.50	3949000	459.00	75.24	74.30	-1.78	10732900	2.02	163610	1218000	12388000	3500000	83720	84000	78460	91200	30.50	3600000000	4850000000	0	576	-3331000000	45250000000	
United Kingdom	2288000000000	0.55	0.80	36500	16.90	0.70	3.00	0.80	-4.00	11779679.00	365491.00	7.00	344700000000	462	12.27	12429.00	9.33	479200000000	394428	639000000000	4.56	4.50	31720000	360.00	80.17	99.00	2.59	63047162	1.91	243610	33230000	81612000	51444000	1393000	1622000	1450000	1311000	40.20	56300000000	94280000000	15650000000	8107000	-46040000000	2392000000000	
Zambia	21880000000	2.89	6.60	1600	2.40	20.90	4.00	0.74	329.00	1688670.00	158592.00	1.00	7614000000	88	43.10	0.00	13.40	8672000000	91440	6454000000	70.60	8.70	5720000	233.00	52.57	80.60	-0.76	13817479	5.85	752618	85700	8165000	816200	190	16000	17570	360	16.50	0	0	0	16571	215000000	18900000000	
Algeria	263300000000	1.92	2.40	7300	5.00	8.90	1.00	0.86	-40.00	8622897.00	330098.00	1.00	30500000000	142	24.40	998.00	4.30	72880000000	113655	44940000000	23.40	4.50	11040000	42.00	74.73	69.90	-0.27	37367226	2.78	2381741	3059000	35406000	4700000	2078000	312000	18180	1694000	28.10	85140000000	29860000000	55280000000	676	19700000000	194700000000	
Angola	116300000000	2.78	3.90	5900	2.90	9.60	6.00	0.86	0.00	1492308.00	152054.00	4.00	3365000000	176	39.36	1600.00	12.06	65800000000	51429	19750000000	83.53	13.50	8240000	201.00	54.59	70.10	0.55	18056072	5.54	1246700	303200	9491000	606700	1988000	74000	38280	1851000	17.70	690000000	690000000	0	20703	15920000000	102600000000	
Argentina	716500000000	1.00	8.90	17700	11.10	10.70	6.00	0.70	-105.00	8414460.00	323170.00	4.00	104700000000	1149	17.34	4989.00	7.36	84320000000	231374	70760000000	10.52	22.00	16880000	580.00	77.14	97.20	0.00	42192494	2.29	2780400	10140000	55000000	13694000	763600	618000	19380	238100	30.70	40100000000	43460000000	880000000	11232000	-6000000	437500000000	
Chile	299500000000	0.88	5.90	17400	9.40	3.50	17.00	0.71	0.00	3561099.00	135709.00	5.00	56350000000	476	14.30	6435.00	5.80	81640000000	80505	70920000000	7.40	3.30	8099000	171.00	78.10	95.70	0.35	17067369	1.87	756102	3366000	22400000	7009000	10640	302700	305100	52390	32.80	1350000000	2840000000	0	2152000	-3387000000	244500000000	
Denmark	206000000000	0.24	0.80	37000	17.40	1.30	0.00	0.80	-7.00	1003921.00	35865.00	2.00	32070000000	89	10.22	7314.00	10.19	111800000000	73197	102200000000	4.19	2.80	2851000	68.00	78.78	99.00	2.36	5543453	1.74	43094	2515000	7047000	4750000	234100	140900	177700	249600	41.20	8087000000	4914000000	3478000000	4297000	22080000000	326700000000	
Ecuador	127400000000	1.42	7.80	8500	6.60	6.50	29.00	0.92	0.00	2834213.00	147143.00	3.00	14920000000	431	19.60	2237.00	5.01	23080000000	43670	23240000000	19.06	4.50	4682000	590.00	75.94	91.00	-0.39	15223680	2.38	283561	2211000	15333000	3352000	500000	166300	102500	333400	26.00	331000000	331000000	0	170538	-221000000	65410000000	
Germany	3114000000000	-0.20	3.10	38100	13.20	0.80	4.00	0.76	-3.54	14510527.00	384930.00	14.00	544500000000	541	8.33	2389.00	11.04	1547000000000	644480	1333000000000	3.51	2.50	43670000	68.00	80.19	99.00	0.71	81305856	1.41	357022	51800000	108700000	65125000	147200	2495000	2671000	470200	45.30	12650000000	99500000000	16190000000	20043000	204300000000	3550000000000	
Jordan	36940000000	-0.97	2.60	5900	4.90	4.50	1.00	0.95	-408.00	1384500.00	69420.00	1.00	11300000000	18	26.52	26.00	2.74	7963000000	7891	16270000000	15.83	4.40	1771000	97.00	80.18	92.60	-33.42	6508887	3.36	89342	465400	7483000	1642000	88	98000	111700	0	22.40	250000000	3100000000	0	69473	-2871000000	28420000000	
Kenya	71210000000	2.44	4.40	1700	2.70	15.00	6.00	0.79	0.00	6106870.00	416927.00	1.00	5738000000	194	31.93	536.00	7.26	5787000000	160886	13830000000	43.61	14.00	18390000	232.00	63.07	87.40	-0.23	43013341	3.98	580367	283500	29981000	3996000	136	78000	80160	8061	18.80	0	0	0	71018	-3536000000	33510000000	
Netherlands	701400000000	0.45	1.10	42000	16.60	2.70	1.00	0.80	-7.00	3122889.00	98383.00	1.00	112500000000	27	10.89	451.00	8.39	550200000000	136827	492100000000	3.73	2.30	7809000	450.00	80.91	99.00	2.02	16730632	1.78	41543	7135000	19835000	14872000	59490	1009000	2577000	1871000	41.50	85170000000	53190000000	57750000000	13699000	70920000000	824700000000	
Russia	2383000000000	-0.01	4.30	16700	13.00	4.50	62.00	0.43	-28.00	20431035.00	660359.00	54.00	857600000000	1218	12.30	37653.00	14.10	520300000000	982000	322300000000	7.30	8.40	75330000	17.50	66.46	99.60	0.29	142517670	1.61	17098242	44181000	236700000	40853000	10270000	2199000	42750	5010000	38.80	588900000000	414100000000	199900000000	14865000	100300000000	1821000000000	
Spain	1406000000000	0.65	0.40	30500	15.30	3.20	2.00	0.74	0.00	9116928.00	205278.00	12.00	267500000000	152	10.40	4964.00	8.88	309600000000	681298	364900000000	3.37	3.10	23100000	1.20	81.27	97.70	5.02	47042984	1.48	505370	19667000	53067000	28119000	29970	1441000	1584000	240700	40.90	48000000	35820000000	1152000000	4228000	-52280000000	1456000000000	
Sweden	384700000000	0.17	4.00	40700	15.40	1.80	0.00	0.81	-2.40	1650432.00	52275.00	3.00	132100000000	230	10.24	3218.00	10.21	189100000000	572900	176100000000	2.74	3.00	5018000	614.00	81.18	99.00	1.65	9103788	1.67	450295	4600000	11194000	8398000	4833	351100	546500	243200	42.20	0	1626000000	0	5978000	38290000000	536000000000	
Uruguay	50910000000	0.24	5.70	15100	13.80	9.40	7.00	0.66	0.00	649025.00	26811.00	1.00	7960000000	94	13.40	660.00	9.55	9341000000	77732	10410000000	9.44	8.10	1677000	580.00	76.41	98.00	-1.45	3316328	1.87	176215	964900	4757000	1405000	28000	45200	47260	1395	33.80	0	45700000	0	1036000	-875900000	45960000000	
Azerbaijan	93050000000	1.02	0.10	10200	6.30	5.50	1.00	0.62	-28.00	1773993.00	71024.00	3.00	18800000000	37	17.30	0.00
	7.13	34490000000	52942	10170000000	28.76	8.10	6119000	9.00	71.32	99.80	0.00	9493600	1.92	86600	1684000	10120000	2420000	1041000	104000	1439	651700	29.50	16520000000	10590000000	5930000000	46856	17150000000	63780000000	
Belgium	413700000000	0.06	1.80	37800	15.80	0.70	1.00	0.72	0.00	1877268.00	57142.00	1.00	84780000000	43	10.03	66.50	10.63	332300000000	153595	342300000000	4.28	3.50	5168000	148.00	79.65	99.00	1.22	10438353	1.65	30528	4631000	12541000	8113000	11220	622600	1007000	353000	42.60	0	19530000000	0	5192000	-3709000000	506400000000	
Bolivia	50940000000	1.66	5.20	4800	4.70	10.00	73.00	0.79	90.00	1762260.00	104945.00	4.00	6301000000	865	24.24	0.00	6.76	8332000000	16138	7126000000	40.94	9.90	4643000	750.00	67.90	86.70	-0.84	10290003	2.93	1098581	879800	8353000	1103000	44660	44430	17330	5621	22.80	14730000000	3010000000	11720000000	180988	537200000	23670000000	
China	11300000000000	0.48	9.20	8400	9.10	10.00	45.00	0.92	-154.00	300323611.00	9131990.00	26.00	4693000000000	497	12.31	14500.00	7.17	1904000000000	3860800	1660000000000	15.62	5.50	795500000	0.34	74.84	92.20	-0.33	1343239923	1.55	9596961	285115000	986253000	389000000	4073000	9400000	5080000	506500	35.90	102500000000	129000000000	3210000000	20602000	201700000000	7181000000000	
Czech Republic	285000000000	-0.13	1.70	27100	13.40	1.80	17.00	0.67	115.00	1988839.00	47501.00	2.00	59260000000	128	8.62	0.00	10.94	138500000000	127797	133200000000	3.70	1.90	5410000	197.00	77.38	99.00	0.97	10177300	1.27	78867	2202000	12810000	6681000	10310	195700	208800	25480	41.10	128300000	8075000000	167300000	4148000	-6348000000	211700000000	
Hungary	195600000000	-0.18	1.70	19600	14.90	4.10	1.00	0.59	78.00	1897378.00	55533.00	1.00	42570000000	41	9.49	0.00	12.70	107100000000	197519	101500000000	5.24	3.90	4261000	102.00	75.02	99.00	1.37	9958453	1.41	93028	2933000	11690000	6176000	34480	146600	171600	0	40.50	2494000000	12130000000	227000000	3145000	2055000000	138100000000	
Israel	237000000000	1.54	4.60	31500	10.30	2.50	0.00	0.78	-408.00	1446132.00	59418.00	2.00	47160000000	47	18.97	273.00	5.50	64190000000	18290	72030000000	4.07	3.50	3492000	51.00	81.07	97.10	1.94	7590758	2.67	20770	3500000	9200000	4525000	4029	238000	282200	86010	29.50	1550000000	3250000000	0	2483000	1873000000	239800000000	
Korea, South	1554000000000	0.20	3.60	31200	11.90	2.60	1.00	0.69	0.00	10168709.00	321225.00	4.00	455100000000	114	8.42	2413.00	6.38	552800000000	103029	521600000000	4.08	4.00	25100000	238.00	79.30	97.90	0.00	48860500	1.23	99720	29468000	52507000	39400000	48400	2195000	2500000	1100000	39.00	539300000	43000000000	0	315697	26510000000	1098000000000	
Latvia	34890000000	-0.60	5.50	16800	13.70	4.50	1.00	0.48	0.00	401691.00	9858.00	1.00	6215000000	42	9.97	498.00	13.60	12030000000	73074	14830000000	8.24	4.40	1147000	171.00	72.93	99.80	-2.34	2191580	1.33	64589	516300	2309000	1504000	0	29880	33730	5160	40.90	0	620100000	0	359604	-363000000	27800000000	
Morocco	163500000000	1.05	4.90	5100	6.20	16.50	15.00	0.82	-55.00	7026016.00	298366.00	4.00	21470000000	56	18.97	1835.00	4.76	21510000000	58256	40960000000	26.49	0.90	11540000	6.30	76.11	56.10	-3.67	32309239	2.19	446550	3566000	36554000	13213000	3938	209000	221000	25090	27.30	60000000	560000000	0	277338	-8337000000	97690000000	
Pakistan	488400000000	1.55	3.00	2800	4.20	21.60	31.00	0.89	0.00	37381549.00	2104906.00	10.00	74350000000	151	24.30	1046.00	6.80	26300000000	260760	38930000000	61.27	11.90	58640000	523.00	66.35	54.90	-2.00	190291129	3.07	796095	5722000	111000000	20431000	64950	410000	346400	29840	21.90	42900000000	42900000000	0	365813	268000000	206900000000	
Slovenia	58300000000	-0.19	0.60	28800	13.40	2.60	0.00	0.66	0.00	380077.00	9395.00	1.00	14700000000	16	8.76	46.60	11.00	29590000000	38925	31050000000	4.12	1.80	934700	102.00	77.48	99.70	0.39	1996617	1.31	20273	872800	2168000	1298000	5	63000	60270	8958	42.80	0	890000000	0	415581	2505000	49520000000	
Australia	915100000000	1.13	2.10	40800	14.40	4.00	1.00	0.85	-15.00	4239985.00	135800.00	11.00	225400000000	467	12.28	25760.00	6.94	271100000000	823217	242200000000	4.55	3.40	12050000	0.00	81.90	99.00	5.93	22015576	1.77	7741220	10540000	24490000	15810000	549200	960800	731400	312600	37.90	45110000000	26410000000	24700000000	17081000	-29500000000	1463000000000	
Colombia	471900000000	1.13	5.90	10200	6.30	7.00	27.00	0.72	0.00	9150400.00	413974.00	2.00	38820000000	862	17.23	3208.00	5.29	56220000000	141374	50730000000	15.92	3.40	22450000	225.00	74.79	90.40	-0.66	45239079	2.12	1138910	7127000	46200000	22538000	800100	296000	6045	400700	28.30	10490000000	8690000000	1800000000	4410000	-9978000000	322400000000	
Costa Rica	55020000000	1.29	4.20	11900	6.60	6.30	19.00	0.86	0.00	1037053.00	40444.00	2.00	8321000000	153	16.40	1290.00	4.38	10380000000	38049	15530000000	9.20	4.90	2155000	309.00	77.89	94.90	0.86	4636348	1.92	51100	1491000	4358000	1485000	263	47000	44110	2087	29.20	0	0	0	147258	-2200000000	40290000000	
Estonia	27310000000	-0.65	7.60	20400	15.30	3.60	0.00	0.49	0.00	210854.00	6309.00	1.00	7431000000	18	10.43	3794.00	13.60	16780000000	58034	17090000000	6.94	5.00	695900	290.00	73.58	99.80	-3.33	1274709	1.44	45228	470500	1863000	971700	7642	31000	28520	0	40.80	0	701000000	0	865494	477000000	21850000000	
Georgia	24540000000	-0.33	7.00	5500	15.50	8.80	4.00	0.66	0.00	893003.00	27242.00	1.00	9256000000	22	10.75	310.00	10.05	3223000000	20329	6639000000	14.68	8.50	1945000	164.00	77.32	99.70	-3.96	4570934	1.46	69700	1342000	4430000	1300000	984	13000	18500	1008	39.30	10000000	1710000000	0	357864	-1799000000	14120000000	
Greece	293900000000	0.06	-6.90	26300	14.20	3.60	4.00	0.78	0.00	2016552.00	49485.00	6.00	59530000000	82	9.08	13676.00	10.80	28160000000	116711	66040000000	4.92	3.30	4948000	206.00	80.05	96.00	2.32	10767827	1.39	131957	5685000	12128000	4971000	7946	371300	496600	181600	42.80	1000000	3824000000	0	3201000	-29360000000	294500000000	
Lithuania	61600000000	-0.28	5.90	19100	13.70	3.30	1.00	0.53	0.00	669111.00	19527.00	1.00	10300000000	81	9.34	90.00	11.40	28060000000	82131	30170000000	6.18	4.10	1620000	91.00	75.55	99.70	-0.73	3525761	1.27	65300	723000	5004000	1964000	5732	67000	183100	76510	40.50	0	3120000000	0	1205000	-670000000	42030000000	
Mexico	1667000000000	1.09	3.90	14700	6.70	3.80	15.00	0.81	-10.00	23239866.00	1067007.00	12.00	181500000000	1724	18.87	9330.00	4.90	349400000000	366095	350800000000	16.77	3.40	49170000	250.00	76.66	86.10	-3.11	114975406	2.27	1964375	19684000	94565000	31020000	2983000	2073000	496000	1511000	27.40	59070000000	62420000000	200000000	16233000	-11070000000	1135000000000	
Nigeria	414000000000	2.55	7.40	2600	3.00	26.00	11.00	0.85	0.00	19867683.00	1687719.00	3.00	18140000000	53	39.23	853.00	13.48	92470000000	193200	61630000000	74.36	10.80	52500000	87.00	52.05	61.30	-0.22	170123740	5.38	923768	719400	95167000	43989000	2458000	279000	187700	2102000	17.90	23210000000	7216000000	15990000000	1234	8686000000	240100000000	
Romania	267100000000	-0.26	2.50	12500	14.80	7.90	698.00	0.68	0.00	4507880.00	111607.00	1.00	51460000000	53	9.49	225.00	11.84	62680000000	82386	73120000000	10.73	5.80	9252000	169.00	74.22	97.70	-0.26	21848504	1.30	238391	4700000	23400000	7787000	107100	196000	163000	74080	39.10	10590000000	12880000000	0	2667000	-8107000000	186700000000	
Slovakia	126900000000	0.10	3.30	23300	13.10	3.80	1.00	0.60	94.00	1139380.00	30219.00	2.00	28760000000	37	10.38	0.00	9.64	78500000000	43761	75100000000	6.47	3.90	2713000	90.00	76.03	99.60	0.29	5483088	1.38	49035	1056000	5983000	4063000	8281	83810	139200	78940	38.00	103000000	5900000000	808000000	1384000	52860000	94550000000	
Switzerland	353600000000	0.92	1.90	44500	15.20	1.30	3.00	0.73	195.00	1459450.00	42585.00	2.00	57500000000	64	10.40	0.00	8.10	322000000000	71454	317500000000	3.90	0.20	4899000	41.00	81.17	99.00	1.27	7925517	1.53	41277	4684000	10017000	6152000	3488	242700	272700	9851	42.00	0	3625000000	0	5301000	74060000000	650200000000	
Turkey	1075000000000	1.20	8.50	14400	6.40	9.10	1090.00	0.84	0.00	17340816.00	670328.00	4.00	161000000000	98	17.58	7200.00	6.10	143400000000	352046	232900000000	23.07	6.50	26690000	9.00	72.77	87.40	0.50	79749461	2.13	783562	15211000	65322000	27233000	55110	646300	581000	68450	28.80	674000000	38120000000	649000000	7093000	-77240000000	761900000000	
United States	15080000000000	0.90	1.80	48300	13.50	1.20	19.00	0.77	-86.00	59401941.00	2055685.00	189.00	3741000000000	15079	13.70	19924.00	8.40	1497000000000	6506204	2236000000000	6.00	3.10	153600000	3141.00	78.49	99.00	3.62	313847465	2.06	9826675	150000000	313848000	245000000	9688000	19150000	10270000	1920000	37.10	611000000000	683300000000	32200000000	505000000	-465900000000
	14830000000000	
Vietnam	300000000000	1.05	5.90	3400	5.50	22.00	7.00	0.62	0.00	20405847.00	787341.00	6.00	101000000000	44	16.83	3444.00	5.95	96910000000	180549	97360000000	20.24	18.70	48230000	1228.00	72.41	94.00	-0.34	91519289	1.89	331210	10175000	127318000	23382000	305000	321500	227000	210500	28.20	8500000000	9500000000	0	189553	236000000	120800000000	
Bangladesh	283500000000	1.58	6.50	1900	4.80	18.30	2.00	0.90	0.00	30486086.00	1606963.00	2.00	23940000000	18	22.53	580.00	5.71	24560000000	21269	32580000000	48.99	10.70	75420000	193.00	70.06	56.80	-1.04	161083804	2.55	143998	1600000	85000000	617300	5724	98000	77340	2770	23.60	19750000000	20100000000	0	71164	243600000	112000000000	
Bulgaria	101000000000	-0.80	1.70	13800	14.00	5.60	2.00	0.68	0.00	1320955.00	32075.00	2.00	28300000000	202	9.20	354.00	14.32	28120000000	40231	30860000000	16.13	4.20	2465000	148.00	73.84	98.40	-2.84	7037935	1.43	110879	2311000	10475000	3395000	2925	91000	201400	75840	42.00	54000000	2620000000	0	976277	502200000	52690000000	
Canada	1395000000000	0.78	2.40	40500	15.60	1.80	6.00	0.79	0.00	6389669.00	206195.00	19.00	549500000000	1453	10.28	202080.00	8.09	463100000000	1042300	460700000000	4.85	2.90	18700000	8893.00	81.48	99.00	5.65	34300083	1.59	9984670	16438000	25858000	26960000	3483000	2209000	1088000	1929000	41.20	152300000000	82480000000	92400000000	8743000	-48910000000	1711000000000	
Croatia	79300000000	-0.09	0.00	18000	14.80	5.10	5.00	0.66	0.00	770710.00	27015.00	2.00	18870000000	69	9.57	5835.00	11.99	13640000000	29343	22520000000	6.06	2.30	1717000	25.00	75.99	98.80	1.51	4480043	1.44	56594	1761000	5115000	2234000	13780	68510	67660	36080	41.70	2507000000	2974000000	439000000	729420	-449000000	61430000000	
Egypt	519000000000	1.92	1.80	6500	4.70	14.50	1.00	0.82	-133.00	17244838.00	748647.00	6.00	109100000000	84	24.22	2450.00	4.80	27910000000	65050	55070000000	24.23	10.20	26500000	11.00	72.93	72.00	-0.20	83688164	2.94	1001450	8714000	83425000	20136000	662600	740000	177200	163000	24.60	62690000000	44370000000	18320000000	200430	-6521000000	231900000000	
Indonesia	1125000000000	1.03	6.50	4700	6.40	14.70	43.00	0.78	0.00	53274361.00	2191267.00	4.00	126100000000	676	17.70	54716.00	6.30	201500000000	437759	166100000000	27.00	5.40	117400000	228.00	71.62	90.40	-1.08	248645008	2.23	1904569	38618000	236800000	20000000	1030000	1292000	767400	404100	28.50	82800000000	40470000000	42330000000	1344000	2069000000	832900000000	
Iran	990800000000	1.25	2.00	13200	5.10	10.30	10.00	0.89	-28.00	19417275.00	677372.00	7.00	206700000000	324	18.52	2440.00	5.94	109500000000	172927	74410000000	41.11	20.60	26370000	35.00	70.35	77.00	-0.11	78868711	1.87	1648195	27767000	56043000	8214000	4252000	1845000	297100	2523000	27.40	138500000000	137500000000	7870000000	197804	26190000000	474700000000	
Kazakhstan	216800000000	1.24	7.50	13000	6.70	5.20	9.00	0.52	-132.00	2909999.00	119541.00	5.00	88110000000	97	20.44	0.00	8.52	88470000000	93612	41210000000	23.06	8.30	8777000	379.00	69.63	99.50	0.43	17522010	2.41	2724900	4237000	23103000	5299000	1608000	218000	94430	1390000	29.30	20200000000	10200000000	8100000000	67464	14110000000	183200000000	
Malaysia	463700000000	1.54	5.10	16200	5.10	11.90	15.00	0.89	0.00	6175274.00	254812.00	6.00	93800000000	117	20.74	4675.00	4.95	227500000000	98721	178600000000	14.57	3.20	12560000	381.00	74.04	88.70	-0.37	29179952	2.64	329847	4243000	36661000	15355000	716000	556000	355300	644900	27.10	66500000000	35700000000	30790000000	422470	32030000000	283300000000	
Philippines	391100000000	1.87	3.90	4100	4.30	12.80	4.00	0.76	0.00	20142940.00	1021069.00	4.00	54400000000	247	24.98	36289.00	4.98	47230000000	213151	62680000000	18.75	4.70	40000000	0.00	71.94	92.60	-1.27	103775002	3.15	300000	6782000	87256000	8278000	33110	310000	338400	60460	23.10	3150000000	3150000000	0	425812	7078000000	221200000000	
South Africa	555000000000	-0.41	3.10	11000	5.90	2.40	1.00	0.67	0.00	6476264.00	482122.00	6.00	212200000000	567	19.32	2798.00	17.23	102900000000	362099	100400000000	42.67	5.00	17660000	225.00	49.41	86.40	-6.22	48810427	2.28	1219090	4127000	64000000	4420000	192100	553000	521400	54930	25.30	1900000000	5400000000	0	4761000	-13680000000	402100000000	
Thailand	602200000000	0.54	0.10	9400	9.50	13.30	6.00	0.82	0.00	13308372.00	509780.00	5.00	131600000000	103	12.81	3219.00	7.38	219100000000	180053	202100000000	15.90	3.80	38900000	506.00	73.83	92.60	0.00	67091089	1.66	513120	6720000	78668000	17483000	406800	988000	807100	269100	34.70	30880000000	39170000000	0	3399000	5322000000	340100000000	
Ukraine	329300000000	-0.63	5.20	7200	13.80	10.50	524.00	0.49	0.00	6893551.00	234916.00	6.00	134600000000	412	9.59	2782.00	15.76	69420000000	169496	85670000000	8.38	8.00	22060000	90.00	68.74	99.70	-0.08	44854065	1.29	603550	12681000	55567000	7770000	82000	296000	301900	114000	40.10	20260000000	44160000000	2800000000	2173000	-10250000000	162600000000	
India	4421000000000	1.31	6.80	3700	5.60	17.20	54.00	0.90	0.00	240039958.00	10745891.00	14.00	600600000000	352	20.60	7000.00	7.43	307200000000	3320410	475300000000	46.07	8.90	487600000	605.00	67.14	61.00	-0.05	1205073612	2.58	3287263	32685000	893862000	61338000	954000	3182000	3060000	825600	26.50	52800000000	64950000000	0	6746000	-46910000000	1798000000000	
Japan	4444000000000	-0.08	-0.80	34700	13.50	1.20	21.00	0.76	-4.00	21540322.00	591253.00	6.00	859700000000	175	8.39	29751.00	9.15	787000000000	1210251	807600000000	2.21	-0.30	65910000	0.00	83.91	99.00	0.00	127368088	1.39	377915	64585000	129868000	99182000	131800	4452000	4394000	366800	45.40	3397000000	100300000000	0	64453000	119100000000	5773000000000	
Peru	302000000000	1.02	6.90	10100	6.50	7.80	189.00	0.90	0.00	5788629.00	298447.00	4.00	34250000000	191	19.13	2414.00	5.95	46270000000	137327	36970000000	21.50	3.40	15900000	171.00	72.73	92.90	-3.03	29549517	2.29	1285216	3257000	32461000	9158000	152700	189000	88080	73280	26.50	31120000000	3650000000	3590000000	234102	-2267000000	174400000000	
Poland	771000000000	-0.08	4.30	20200	14.00	3.60	2.00	0.62	-2.00	7766361.00	211172.00	5.00	132200000000	125	9.96	440.00	10.24	193900000000	423997	208100000000	6.42	4.20	17850000	91.00	76.25	99.50	-0.47	38415284	1.31	312685	6921000	49200000	22452000	28230	564500	531300	50400	38.80	6084000000	17200000000	47000000	13265000	-22250000000	506300000000	
